"","F_Index","R_Index","cutseq","rb_size","n"
"1","WF1-BarseqF1","WR1-BarSeqRC13","TGTGCCAAATGCGGGGCACC",20,55
"2","WF1-BarseqF1","WR1-BarSeqRC14","GTCTTTCAGATGTATAGTGA",20,68
"3","WF1-BarseqF1","WR3-BarSeqRC13","TATTATCAACCAATTTGTCC",20,52
"4","WF1-BarseqF1","WR3-BarSeqRC3","CGGGTAGATTGTCAGTCAGG",20,69
"5","WF1-BarseqF1","WR5-BarSeqRC14","TTATGCGGGGATGTACTATC",20,58
"6","WF1-BarseqF1","WR5-BarSeqRC15","GTTGGAGAGGCCGGGACGTA",20,74
"7","WF1-BarseqF1","WR5-BarSeqRC9","CGGGCCGAGGAATGTGTCGG",20,72
"8","WF1-BarseqF1","WR5-BarSeqRC9","GATTCAGTATTGCGTTTGTA",20,55
"9","WF1-BarseqF1","WR6-BarSeqRC1","CGGGAGTTAGTGTCCAGTGAG",21,66
"10","WF1-BarseqF1","WR6-BarSeqRC11","CCTACGTGCGATCAGTAGGG",20,107
"11","WF1-BarseqF1","WR6-BarSeqRC12","CATGTCCTAGGATAGTAGGA",20,132
"12","WF1-BarseqF1","WR6-BarSeqRC14","GGGGCCCGTGGTATGCGCCA",20,90
"13","WF1-BarseqF1","WR6-BarSeqRC15","CGACGGAGGGGAGTGGTGGG",20,54
"14","WF1-BarseqF1","WR6-BarSeqRC4","CGGGGAGTAGACGTCGGTCG",20,59
"15","WF1-BarseqF1","WR6-BarSeqRC9","TGGCTAGGTGAGGGGGCTGT",20,56
"16","WF1-BarseqF10","WR1-BarSeqRC11","AGGTGCCGGTGCGCGGTGCA",20,65
"17","WF1-BarseqF10","WR1-BarSeqRC13","TAGTCAGGACCGGTCGAGGG",20,83
"18","WF1-BarseqF10","WR1-BarSeqRC14","TAGCCACTTAGTCTGTCGCT",20,244
"19","WF1-BarseqF10","WR1-BarSeqRC15","GAGAACCCTTCTCTCCGTGG",20,291
"20","WF1-BarseqF10","WR1-BarSeqRC16","TAGACGTGGGTAGGAAGGGT",20,101
"21","WF1-BarseqF10","WR2-BarSeqRC15","ATGAGCGAAGAGGGGGGTAC",20,237
"22","WF1-BarseqF10","WR2-BarSeqRC2","ATGCCGCACTGCGTCGTAGC",20,129
"23","WF1-BarseqF10","WR3-BarSeqRC10","ACAGGCGGGGTGGAGGCCGC",20,83
"24","WF1-BarseqF10","WR3-BarSeqRC12","GTGTGCAGACTAGACTTGGT",20,90
"25","WF1-BarseqF10","WR3-BarSeqRC13","TACTTGTCCATTCAGCAAAA",20,55
"26","WF1-BarseqF10","WR3-BarSeqRC3","CGTTCAACATCCTTGTGTGG",20,78
"27","WF1-BarseqF10","WR3-BarSeqRC4","TGGTCAGCACGGGAGGGCTG",20,188
"28","WF1-BarseqF10","WR4-BarSeqRC9","ATTTGCTTGGTGAATGGGTA",20,55
"29","WF1-BarseqF10","WR5-BarSeqRC11","GCGGTGTGCTCAGGTCACGT",20,136
"30","WF1-BarseqF10","WR5-BarSeqRC12","TGAAGCACATATATAGTTAC",20,58
"31","WF1-BarseqF10","WR5-BarSeqRC14","AACGCGGACGAAAGACCCGG",20,66
"32","WF1-BarseqF10","WR5-BarSeqRC15","CGTTGTGTAGCGAAGTTGTC",20,57
"33","WF1-BarseqF10","WR5-BarSeqRC15","GTTTTTGGTATTCCATGTGT",20,69
"34","WF1-BarseqF10","WR5-BarSeqRC15","TGGGGTAGACGACCTTAGTT",20,66
"35","WF1-BarseqF10","WR5-BarSeqRC16","GTATGAGTGACCACCTGTTG",20,73
"36","WF1-BarseqF10","WR5-BarSeqRC8","AGTGGGCTAATGACTAAACG",20,50
"37","WF1-BarseqF10","WR5-BarSeqRC8","TGTTTGTCGATGTCGGAAGC",20,78
"38","WF1-BarseqF10","WR6-BarSeqRC1","CTTTTACACTGAATTAAACT",20,94
"39","WF1-BarseqF10","WR6-BarSeqRC1","TCTTGCCCCTACATGCATAA",20,60
"40","WF1-BarseqF10","WR6-BarSeqRC13","CGTGACTTGCTTTTTGAGTG",20,74
"41","WF1-BarseqF10","WR6-BarSeqRC13","TGTTTGTGTTGGGACCGTAT",20,78
"42","WF1-BarseqF10","WR6-BarSeqRC2","ATAGCCGCTCGGGTGAAAGGA",21,53
"43","WF1-BarseqF10","WR6-BarSeqRC2","GGGGGGCTTAGGTGGGACGA",20,112
"44","WF1-BarseqF10","WR6-BarSeqRC3","TCGGCAAACAGTCAAATGGC",20,340
"45","WF1-BarseqF10","WR6-BarSeqRC9","TACTATGGTGGAGTTGAGTG",20,293
"46","WF1-BarseqF11","WR1-BarSeqRC11","GGTAACGTAGCTGTTAATTA",20,58
"47","WF1-BarseqF11","WR1-BarSeqRC13","TGTCGACAGGTTAGTTACTG",20,256
"48","WF1-BarseqF11","WR1-BarSeqRC14","AGTGGGCGGCGCAGGTATAG",20,50
"49","WF1-BarseqF11","WR1-BarSeqRC14","GATGTTCAGGTTGGAGCGTC",20,103
"50","WF1-BarseqF11","WR1-BarSeqRC14","GCGGAATAAGCACATGAAAC",20,62
"51","WF1-BarseqF11","WR1-BarSeqRC14","TGGGTTATGTGTTTGAATTG",20,53
"52","WF1-BarseqF11","WR1-BarSeqRC14","TTACGTACATTGGACTATTT",20,57
"53","WF1-BarseqF11","WR1-BarSeqRC15","CTACTGGAGGAGGGCCTGAC",20,192
"54","WF1-BarseqF11","WR1-BarSeqRC15","GACCCACAAGCTGTCGTGGT",20,69
"55","WF1-BarseqF11","WR1-BarSeqRC16","CCCTGGTAGACTGCATTGGG",20,114
"56","WF1-BarseqF11","WR1-BarSeqRC16","GACGCGGTAGCGGGTGTAGG",20,178
"57","WF1-BarseqF11","WR1-BarSeqRC3","TGCAGGTGATGTTAAGTGTG",20,98
"58","WF1-BarseqF11","WR2-BarSeqRC10","TTAGCACAGAGGTAGGAGCC",20,149
"59","WF1-BarseqF11","WR2-BarSeqRC11","CCTTGAAGCGCCAAGCGCGG",20,62
"60","WF1-BarseqF11","WR2-BarSeqRC13","CTGACAGTCGGTGTGTCGAG",20,275
"61","WF1-BarseqF11","WR2-BarSeqRC13","TGGGACGAGTGTGGCTTGAC",20,93
"62","WF1-BarseqF11","WR2-BarSeqRC14","CCTTGAAGCGCCAAGCGCGG",20,87
"63","WF1-BarseqF11","WR2-BarSeqRC14","CGGGTCGGATGCCGGGACGC",20,93
"64","WF1-BarseqF11","WR2-BarSeqRC9","TGGGTGACAACAAGATTCGA",20,50
"65","WF1-BarseqF11","WR3-BarSeqRC1","GAGTAGAATAGAAGCGTGTG",20,52
"66","WF1-BarseqF11","WR3-BarSeqRC10","GAATGGGTTATCCATGGAGG",20,211
"67","WF1-BarseqF11","WR3-BarSeqRC12","GGGCATATGTCACATGGGCG",20,90
"68","WF1-BarseqF11","WR3-BarSeqRC13","TAGTAAGGTGGGGGGCAGGT",20,70
"69","WF1-BarseqF11","WR3-BarSeqRC14","TATTATATATAAACCAAGTC",20,228
"70","WF1-BarseqF11","WR3-BarSeqRC15","CGGGTCGGATGCCGGGACGC",20,50
"71","WF1-BarseqF11","WR3-BarSeqRC16","AGGCGCGGGTTTTACACTTT",20,83
"72","WF1-BarseqF11","WR3-BarSeqRC16","TGCTATGGAACTTTGGGGGG",20,153
"73","WF1-BarseqF11","WR3-BarSeqRC17","GGGGGGGACGAGGGCGGAGG",20,149
"74","WF1-BarseqF11","WR3-BarSeqRC3","GGAGGGGAGGTGGTTATCTG",20,117
"75","WF1-BarseqF11","WR3-BarSeqRC4","GAGTTCCGGGGCGTGTGTGG",20,89
"76","WF1-BarseqF11","WR3-BarSeqRC4","GGGTTGCGATTGGATAGCCC",20,74
"77","WF1-BarseqF11","WR3-BarSeqRC5","GGTGTTTAGTTGTTGAAATG",20,101
"78","WF1-BarseqF11","WR3-BarSeqRC6","ATAGCGGATGCAACAAGTCA",20,62
"79","WF1-BarseqF11","WR3-BarSeqRC7","TACTGTAGTACTAGAGATAG",20,262
"80","WF1-BarseqF11","WR3-BarSeqRC9","TCTATCCTTGCATAGGGCTC",20,118
"81","WF1-BarseqF11","WR3-BarSeqRC9","TGTCGTGATCCTAGGAGGTT",20,166
"82","WF1-BarseqF11","WR4-BarSeqRC10","TGCCTCACTAAATTAGCGAG",20,58
"83","WF1-BarseqF11","WR4-BarSeqRC13","TAGTGTAGTTGAGTAGGCTA",20,52
"84","WF1-BarseqF11","WR4-BarSeqRC13","TTGGGTTGGCCGCAAAGGAC",20,72
"85","WF1-BarseqF11","WR4-BarSeqRC14","GGGGCAAGTCGATTGCGACG",20,59
"86","WF1-BarseqF11","WR4-BarSeqRC15","CCCGAATGCGCGTGCGGGGG",20,93
"87","WF1-BarseqF11","WR4-BarSeqRC6","GGGTCAGGGTGGTGTTACTC",20,102
"88","WF1-BarseqF11","WR4-BarSeqRC8","GGGGTCAACGCCCATAGTGG",20,53
"89","WF1-BarseqF11","WR5-BarSeqRC1","TTATAGCTCTTGTTCGAATC",20,109
"90","WF1-BarseqF11","WR5-BarSeqRC11","GTCTTATCAGGCTTAAGAGA",20,55
"91","WF1-BarseqF11","WR5-BarSeqRC11","TCTGTAGGACAGAAGTGGGG",20,174
"92","WF1-BarseqF11","WR5-BarSeqRC13","ACGTCGACTCGCTTAAAGGT",20,103
"93","WF1-BarseqF11","WR5-BarSeqRC13","AGCCGGAGATGGACGCAAAA",20,76
"94","WF1-BarseqF11","WR5-BarSeqRC13","TAACCAGTATGGCGAACTCG",20,166
"95","WF1-BarseqF11","WR5-BarSeqRC13","TTTTTCTTATTAGGGTCATC",20,156
"96","WF1-BarseqF11","WR5-BarSeqRC14","AAATGGGAGGAGCCGCTTGA",20,58
"97","WF1-BarseqF11","WR5-BarSeqRC14","ACGTCGACTCGCTTAAAGGT",20,142
"98","WF1-BarseqF11","WR5-BarSeqRC14","GGCCGCCATGGGAAGCGGGG",20,85
"99","WF1-BarseqF11","WR5-BarSeqRC14","GGCTGGGGCGGAGGCTTGGT",20,55
"100","WF1-BarseqF11","WR5-BarSeqRC15","GCGGTGGACGATAAGGGGTC",20,206
"101","WF1-BarseqF11","WR5-BarSeqRC15","GGGGAGAGGCTGCCCCGTAG",20,86
"102","WF1-BarseqF11","WR5-BarSeqRC15","GTCAAGAATTTAGGAATATT",20,82
"103","WF1-BarseqF11","WR5-BarSeqRC16","AGCAGGGTCGCCGGGCAAGC",20,56
"104","WF1-BarseqF11","WR5-BarSeqRC16","GAGAGCCTCAGGCGAGGGGG",20,137
"105","WF1-BarseqF11","WR5-BarSeqRC3","TCGCTCTTGATTGCCAAATA",20,106
"106","WF1-BarseqF11","WR5-BarSeqRC7","GCGTAAGCTGGGCCCGCCCG",20,97
"107","WF1-BarseqF11","WR5-BarSeqRC9","ACTTGGAAGCAGAGCGTGGC",20,53
"108","WF1-BarseqF11","WR5-BarSeqRC9","AGTTGATTTTATGAGCGATA",20,200
"109","WF1-BarseqF11","WR6-BarSeqRC15","CGGTAAGAGTGGGGCCTGTA",20,462
"110","WF1-BarseqF11","WR6-BarSeqRC15","GTGAGGTGTTGGCCGGGGTG",20,170
"111","WF1-BarseqF12","WR1-BarSeqRC11","CTCTACAAGTGATGCTGGGA",20,52
"112","WF1-BarseqF12","WR1-BarSeqRC13","GAGGTGTTCGCGGGGTTGTT",20,163
"113","WF1-BarseqF12","WR1-BarSeqRC13","TTATGGCAAGCTTCAAATCT",20,246
"114","WF1-BarseqF12","WR1-BarSeqRC14","GAGGCAGGCGCCGCCTGGGT",20,115
"115","WF1-BarseqF12","WR1-BarSeqRC14","TGGTCATATCACTGATTTGG",20,226
"116","WF1-BarseqF12","WR1-BarSeqRC15","AAAGTTCCTTGTATAAAAAT",20,166
"117","WF1-BarseqF12","WR1-BarSeqRC15","CCACGGGCTAAGTAATCGAA",20,76
"118","WF1-BarseqF12","WR1-BarSeqRC7","GTTTTAGTAAGAACTGTTTA",20,146
"119","WF1-BarseqF12","WR2-BarSeqRC11","GGTGGCAATTGAGCGACGGG",20,55
"120","WF1-BarseqF12","WR2-BarSeqRC14","CCTTGAAGCGCCAAGCGCGG",20,65
"121","WF1-BarseqF12","WR2-BarSeqRC15","ATGAGTGGCGACAAAATTCT",20,73
"122","WF1-BarseqF12","WR2-BarSeqRC8","GTTGTACGTAGGCGTCAGGT",20,177
"123","WF1-BarseqF12","WR3-BarSeqRC10","TTACTGGATGGGGTAATAAT",20,183
"124","WF1-BarseqF12","WR3-BarSeqRC11","GGTCAATGCTTTTCTGGAAA",20,103
"125","WF1-BarseqF12","WR3-BarSeqRC14","CGAAGGTAAGATGGTCGGCA",20,262
"126","WF1-BarseqF12","WR3-BarSeqRC15","GAGTCATTAATGTTGTTGTC",20,125
"127","WF1-BarseqF12","WR3-BarSeqRC15","GGTTGAGCGTCGGGTCGTGA",20,53
"128","WF1-BarseqF12","WR3-BarSeqRC16","ATGAGTGGCGACAAAATTCT",20,52
"129","WF1-BarseqF12","WR3-BarSeqRC2","CTGTCCTCGGGTCACTTTGA",20,146
"130","WF1-BarseqF12","WR3-BarSeqRC6","TGTGTAGGGGCGATTGTGGT",20,113
"131","WF1-BarseqF12","WR3-BarSeqRC9","CATGTGTGAGGTGGACGCGG",20,68
"132","WF1-BarseqF12","WR3-BarSeqRC9","GGCGAGGAACAAGGCTGACG",20,72
"133","WF1-BarseqF12","WR3-BarSeqRC9","GGGGTGTAGTAGATGCGTTG",20,161
"134","WF1-BarseqF12","WR5-BarSeqRC11","CCTTGAAGCGCCAAGCGCGG",20,52
"135","WF1-BarseqF12","WR5-BarSeqRC13","CCAGAATAAGGGGAAGCGAG",20,85
"136","WF1-BarseqF12","WR5-BarSeqRC13","GAGGGGGCGAGCGTGGGGAT",20,82
"137","WF1-BarseqF12","WR5-BarSeqRC14","CCTTGAAGCGCCAAGCGCGG",20,71
"138","WF1-BarseqF12","WR5-BarSeqRC15","CGTTTGTATCAGACGGATCA",20,143
"139","WF1-BarseqF12","WR5-BarSeqRC15","GATCCGCGGGGGCGGACCCG",20,111
"140","WF1-BarseqF12","WR5-BarSeqRC16","GTCAGTTCAGTAGGATGGCG",20,151
"141","WF1-BarseqF12","WR5-BarSeqRC2","ATATGGCTCTAGGATGTTTA",20,69
"142","WF1-BarseqF12","WR5-BarSeqRC7","GTTATTTGGCTGTGATTGTG",20,54
"143","WF1-BarseqF12","WR6-BarSeqRC11","GCGCGTCAGAGCGGACCAGG",20,187
"144","WF1-BarseqF12","WR6-BarSeqRC12","GCCGCATATGTGGAGCTCTG",20,201
"145","WF1-BarseqF12","WR6-BarSeqRC14","ATGGGGACAGAAAAGCGTCT",20,230
"146","WF1-BarseqF12","WR6-BarSeqRC15","AGGTTGGGATGTGGAATGGC",20,64
"147","WF1-BarseqF12","WR6-BarSeqRC15","CAACCTGCTTGTGCGCGATG",20,249
"148","WF1-BarseqF12","WR6-BarSeqRC16","GTAGCATATCTTTGCATGCC",20,60
"149","WF1-BarseqF13","WR1-BarSeqRC11","TTCGTGGTATGCATTAACAG",20,57
"150","WF1-BarseqF13","WR1-BarSeqRC13","AACGGGTTGGGGAGGTGCGG",20,51
"151","WF1-BarseqF13","WR1-BarSeqRC13","CGGAGAGGAGCCGGTTGTAA",20,83
"152","WF1-BarseqF13","WR1-BarSeqRC13","TAAGTCGGGTTGGAGGAGAA",20,302
"153","WF1-BarseqF13","WR1-BarSeqRC14","GCTGGAACGGTGAGCGGGGC",20,146
"154","WF1-BarseqF13","WR1-BarSeqRC15","AGGCCCACCATCGGGGTTAG",20,165
"155","WF1-BarseqF13","WR1-BarSeqRC15","TAAGTAGGGGCAGTGCGGGT",20,121
"156","WF1-BarseqF13","WR1-BarSeqRC7","CGCGGCAGTGGGGGAGACGG",20,50
"157","WF1-BarseqF13","WR2-BarSeqRC10","TACTAAAGTCTGCGAATCGT",20,268
"158","WF1-BarseqF13","WR2-BarSeqRC11","GGTGCTCGAGACATTGGGGT",20,104
"159","WF1-BarseqF13","WR2-BarSeqRC11","TCCGGGAGCGCCGTAGTCAC",20,65
"160","WF1-BarseqF13","WR2-BarSeqRC13","ATTCCAGGTTTTGTATGGCA",20,74
"161","WF1-BarseqF13","WR2-BarSeqRC14","CCTTGAAGCGCCAAGCGCGG",20,74
"162","WF1-BarseqF13","WR2-BarSeqRC9","CCGAGGGGGGGTCAGGCGGA",20,238
"163","WF1-BarseqF13","WR3-BarSeqRC10","TCAACTGGTCCTCCAATGCC",20,182
"164","WF1-BarseqF13","WR3-BarSeqRC11","GTGGACGGCGGTAGGAAGGG",20,88
"165","WF1-BarseqF13","WR3-BarSeqRC12","AAACATTATTGAGCCTGGGG",20,84
"166","WF1-BarseqF13","WR3-BarSeqRC14","CCGCTACATGTGTCGGTTCT",20,271
"167","WF1-BarseqF13","WR3-BarSeqRC15","CTTGGTTAGGGCGCGGAGGG",20,102
"168","WF1-BarseqF13","WR3-BarSeqRC16","GCTCCTTGCGCGGATATGTA",20,256
"169","WF1-BarseqF13","WR3-BarSeqRC3","GGGTTGCGATTGGATAGCCC",20,52
"170","WF1-BarseqF13","WR3-BarSeqRC4","GCGCATAGGGCTGGGAGCTA",20,175
"171","WF1-BarseqF13","WR4-BarSeqRC13","GACAAGAATTTTCACCAAGG",20,55
"172","WF1-BarseqF13","WR4-BarSeqRC14","CCCCATGAAATCCGCATCAG",20,88
"173","WF1-BarseqF13","WR4-BarSeqRC15","AGGGCGGCGGCACGAGGTGG",20,74
"174","WF1-BarseqF13","WR4-BarSeqRC16","GTGGGTTGTGGTGAGGTAGG",20,62
"175","WF1-BarseqF13","WR4-BarSeqRC8","CGAAGTATGGGGGGAGCTGG",20,122
"176","WF1-BarseqF13","WR5-BarSeqRC1","TGGTGGCGCCCCCTGCCGTA",20,186
"177","WF1-BarseqF13","WR5-BarSeqRC11","ACTTACTGGTGGTCTTGGTC",20,66
"178","WF1-BarseqF13","WR5-BarSeqRC11","CCTTGAAGCGCCAAGCGCGG",20,60
"179","WF1-BarseqF13","WR5-BarSeqRC13","TGCCCAGGTAGAAAATGAAA",20,83
"180","WF1-BarseqF13","WR5-BarSeqRC13","TGGGTGCCCTGGATAGCATG",20,270
"181","WF1-BarseqF13","WR5-BarSeqRC14","CATGATGGTCTTGTTGATCT",20,107
"182","WF1-BarseqF13","WR5-BarSeqRC14","TTATCTAAAAGACTGGGATC",20,52
"183","WF1-BarseqF13","WR5-BarSeqRC15","GAGGGGGGTGGCGGGGAGCG",20,51
"184","WF1-BarseqF13","WR5-BarSeqRC15","GTGCTACCTAGTCACAAGCT",20,218
"185","WF1-BarseqF13","WR5-BarSeqRC3","TTTTTTGGTTACGTGGGGGG",20,107
"186","WF1-BarseqF13","WR6-BarSeqRC1","GCGCTCATCTTTTGTTATGT",20,61
"187","WF1-BarseqF13","WR6-BarSeqRC11","TTACATATCACAGAGCTCTA",20,87
"188","WF1-BarseqF13","WR6-BarSeqRC13","CGACTAAGGCCCCTTGACAG",20,493
"189","WF1-BarseqF13","WR6-BarSeqRC14","TACAGGTGATGGAGTCTATG",20,163
"190","WF1-BarseqF13","WR6-BarSeqRC14","TCTGGTATACTTCGGAAGGC",20,154
"191","WF1-BarseqF13","WR6-BarSeqRC15","AGTAGACTTGAATGGCGGCG",20,64
"192","WF1-BarseqF13","WR6-BarSeqRC15","GGGGTTGCGGGTCATGTCGA",20,112
"193","WF1-BarseqF13","WR6-BarSeqRC15","TGGGTGCAAACTCCGGGAAG",20,441
"194","WF1-BarseqF13","WR6-BarSeqRC16","GCAATAACTCAGTGTAGTGC",20,289
"195","WF1-BarseqF13","WR6-BarSeqRC16","TGGCATTTCGGTGCCAGTGT",20,69
"196","WF1-BarseqF13","WR6-BarSeqRC7","GTTGGTCTGTGTTAACTTAT",20,99
"197","WF1-BarseqF13","WR6-BarSeqRC7","TTATAGACGATTGACCTAGA",20,87
"198","WF1-BarseqF14","WR1-BarSeqRC11","TTTCTAGGCGCGACGCGGTA",20,133
"199","WF1-BarseqF14","WR1-BarSeqRC13","GGGCTATTACTGTCGTGTGA",20,361
"200","WF1-BarseqF14","WR1-BarSeqRC14","GGAGGGTGTCAGCCGCGGGG",20,400
"201","WF1-BarseqF14","WR1-BarSeqRC16","AGTTTTAATCTTGATCTTAG",20,128
"202","WF1-BarseqF14","WR1-BarSeqRC7","AGGATCATGATGTGTGTGGT",20,310
"203","WF1-BarseqF14","WR1-BarSeqRC8","TCATTCTGAACTGAGTTTCA",20,414
"204","WF1-BarseqF14","WR2-BarSeqRC13","ATTCCAGGTTTTGTATGGCA",20,62
"205","WF1-BarseqF14","WR2-BarSeqRC14","CCTTGAAGCGCCAAGCGCGG",20,62
"206","WF1-BarseqF14","WR2-BarSeqRC15","ATGAGTGGCGACAAAATTCT",20,69
"207","WF1-BarseqF14","WR2-BarSeqRC9","TGAGGCAAAGGTAAGGCACC",20,57
"208","WF1-BarseqF14","WR3-BarSeqRC10","GTATTTCCGCTGGTAGAGTG",20,135
"209","WF1-BarseqF14","WR3-BarSeqRC16","CGATCTTGTATACACATCTA",20,104
"210","WF1-BarseqF14","WR3-BarSeqRC4","GTTCCAGGGACGTCATTTTC",20,170
"211","WF1-BarseqF14","WR3-BarSeqRC6","AATGTGCCGGAGGTTAATGG",20,72
"212","WF1-BarseqF14","WR3-BarSeqRC6","GTGTCCTGTGCTGGTAGGTC",20,72
"213","WF1-BarseqF14","WR3-BarSeqRC7","TTAGTACGATTCTATCCATG",20,184
"214","WF1-BarseqF14","WR3-BarSeqRC8","CAGTCAGCCGTCGACGAGAT",20,90
"215","WF1-BarseqF14","WR3-BarSeqRC9","CTATCAGAAGCGGTGGCTGA",20,247
"216","WF1-BarseqF14","WR4-BarSeqRC14","AACTAGGCACTGCCCGGGTG",20,56
"217","WF1-BarseqF14","WR4-BarSeqRC16","ACTAGGTTGGGTGTTCATAA",20,50
"218","WF1-BarseqF14","WR4-BarSeqRC3","AGCCGCTTAGCAGAACTAGT",20,79
"219","WF1-BarseqF14","WR5-BarSeqRC11","TGGCTGTGAAATGTCCTGAG",20,149
"220","WF1-BarseqF14","WR5-BarSeqRC13","GTTTTGGTGCGTAATGAGCA",20,209
"221","WF1-BarseqF14","WR5-BarSeqRC15","GGGCCTGGGGCGAAGGGCCG",20,105
"222","WF1-BarseqF14","WR5-BarSeqRC3","TGTCCGTGGAGTACGGGTGG",20,52
"223","WF1-BarseqF14","WR5-BarSeqRC8","AAATGTAGATGGAGGGTGGC",20,71
"224","WF1-BarseqF14","WR5-BarSeqRC9","AGGAGGTCACGACAGGTCCC",20,62
"225","WF1-BarseqF14","WR6-BarSeqRC11","ACACAGAGCAGGGACGCTCA",20,197
"226","WF1-BarseqF14","WR6-BarSeqRC13","GAATCTGTGGCCGGTGTTTA",20,148
"227","WF1-BarseqF14","WR6-BarSeqRC13","GGGGCTGGATGGAGGAGAGA",20,141
"228","WF1-BarseqF14","WR6-BarSeqRC13","GTGGATTTCGGGGGATGAGG",20,118
"229","WF1-BarseqF14","WR6-BarSeqRC14","AAACTTGACAAATCAGAACT",20,314
"230","WF1-BarseqF14","WR6-BarSeqRC14","GTATCTTATTATGTTACAAT",20,52
"231","WF1-BarseqF14","WR6-BarSeqRC15","CTGGCGGTAGGGTGTGCCTG",20,229
"232","WF1-BarseqF14","WR6-BarSeqRC15","GGGTTAAAAGAGGCAATGCA",20,114
"233","WF1-BarseqF14","WR6-BarSeqRC16","CTTGTTTCGGTCCCTGCACA",20,228
"234","WF1-BarseqF14","WR6-BarSeqRC16","GGCTCGACATGGTGAGGTGT",20,238
"235","WF1-BarseqF14","WR6-BarSeqRC7","CGTTGGGAAATTTATATATG",20,369
"236","WF1-BarseqF14","WR6-BarSeqRC8","GTTCGAAGGTAGCGAATGTG",20,245
"237","WF1-BarseqF14","WR6-BarSeqRC8","TTAAGAGTTGTGCCGATGCA",20,72
"238","WF1-BarseqF15","WR1-BarSeqRC13","GGCGTCAGCGACGCAGCGGT",20,119
"239","WF1-BarseqF15","WR1-BarSeqRC13","GTGGAGATTCATGAAAACAA",20,62
"240","WF1-BarseqF15","WR1-BarSeqRC14","GAGAGCTTCGAATGAACCGC",20,108
"241","WF1-BarseqF15","WR1-BarSeqRC16","AGGTCGCACGTGAAGAGAGC",20,135
"242","WF1-BarseqF15","WR1-BarSeqRC7","TTCCTGGCGGTGTGAGGCGA",20,154
"243","WF1-BarseqF15","WR1-BarSeqRC8","ATCGGATGTGTTTGTGGTAA",20,274
"244","WF1-BarseqF15","WR3-BarSeqRC16","GGCATAACCACGGGGGTTGA",20,131
"245","WF1-BarseqF15","WR3-BarSeqRC17","ATTTCATATCGGGTACAGGG",20,117
"246","WF1-BarseqF15","WR4-BarSeqRC14","GATCTAGAGCTGTTCAATTT",20,60
"247","WF1-BarseqF15","WR4-BarSeqRC15","AGGGATGGTATATAAGCAGT",20,53
"248","WF1-BarseqF15","WR4-BarSeqRC5","GGGTCAGGGTGGTGTTACTC",20,51
"249","WF1-BarseqF15","WR4-BarSeqRC6","CAGCATATTCGGAGCTATAC",20,58
"250","WF1-BarseqF15","WR4-BarSeqRC8","ACTGCGTACTAAACTCGTAG",20,50
"251","WF1-BarseqF15","WR5-BarSeqRC11","TCACAGTATTCCATGCCCTT",20,125
"252","WF1-BarseqF15","WR5-BarSeqRC13","CACCGTTCTGCTGTCCTAGA",20,114
"253","WF1-BarseqF15","WR5-BarSeqRC13","GGGCGGAACGGACAGGTGAG",20,70
"254","WF1-BarseqF15","WR5-BarSeqRC14","GAGCTCCGGACGCAAAGCGA",20,50
"255","WF1-BarseqF15","WR5-BarSeqRC15","CCAGTACGAAACGCGCGTCC",20,230
"256","WF1-BarseqF15","WR5-BarSeqRC16","GGGTTGGCAGTGCGGGGGCG",20,76
"257","WF1-BarseqF15","WR5-BarSeqRC3","GGGCTTCATGCTGCCTGACA",20,59
"258","WF1-BarseqF15","WR5-BarSeqRC9","ATGATGATAGCTAAGACTTA",20,112
"259","WF1-BarseqF15","WR6-BarSeqRC13","AAAGGGGAGGCAGGAATGGG",20,206
"260","WF1-BarseqF15","WR6-BarSeqRC14","GTTATGCAACAGGACGTGAG",20,139
"261","WF1-BarseqF15","WR6-BarSeqRC14","TCCGTGGCAACGGATGGGGG",20,189
"262","WF1-BarseqF15","WR6-BarSeqRC15","CGGGACGATTAATGTCGACT",20,104
"263","WF1-BarseqF15","WR6-BarSeqRC15","GTGGTCATAGGGGGAGGAGC",20,182
"264","WF1-BarseqF15","WR6-BarSeqRC16","CATATCGTCTAGCCTGCATA",20,65
"265","WF1-BarseqF15","WR6-BarSeqRC16","TTGATGCGCAATACTGTAGA",20,51
"266","WF1-BarseqF16","WR1-BarSeqRC10","GTAAGTGGATGTACGGTGTA",20,73
"267","WF1-BarseqF16","WR1-BarSeqRC11","TCTCCAAGAACGGCTACAAT",20,150
"268","WF1-BarseqF16","WR1-BarSeqRC13","GTGAAGACGAAACCGTGAAA",20,136
"269","WF1-BarseqF16","WR1-BarSeqRC13","TCGGGAGCGAAGGTATGTAT",20,272
"270","WF1-BarseqF16","WR1-BarSeqRC14","TCTCTGTGTAACACCGATAA",20,359
"271","WF1-BarseqF16","WR1-BarSeqRC15","GAGTAACGGGCGGCGGGATA",20,234
"272","WF1-BarseqF16","WR1-BarSeqRC16","TCGTAGCGAGTCGGTTAGAT",20,107
"273","WF1-BarseqF16","WR1-BarSeqRC16","TGATTTAGTAATGTTAGGAG",20,72
"274","WF1-BarseqF16","WR1-BarSeqRC2","AGGGCGCCGAGGGTACGAGT",20,53
"275","WF1-BarseqF16","WR1-BarSeqRC4","GCGTGCTCTGGTGGTTTGCC",20,127
"276","WF1-BarseqF16","WR1-BarSeqRC4","TACTGGCCACAACAAAGTCG",20,57
"277","WF1-BarseqF16","WR1-BarSeqRC7","AACCAACGTGTCAGGAACGC",20,60
"278","WF1-BarseqF16","WR1-BarSeqRC7","GCATGAGTCAGCGGCGCCCC",20,107
"279","WF1-BarseqF16","WR1-BarSeqRC9","GTACGGAGGATCGAGGGGAG",20,208
"280","WF1-BarseqF16","WR2-BarSeqRC14","CCTTGAAGCGCCAAGCGCGG",20,78
"281","WF1-BarseqF16","WR2-BarSeqRC15","ATGAGTGGCGACAAAATTCT",20,94
"282","WF1-BarseqF16","WR3-BarSeqRC1","CAGGGAAGGGGGAACGAGGC",20,83
"283","WF1-BarseqF16","WR3-BarSeqRC10","CGTTAGGTGGGGGCTAGTAA",20,127
"284","WF1-BarseqF16","WR3-BarSeqRC12","ACTGTATTCGTATATGATAG",20,179
"285","WF1-BarseqF16","WR3-BarSeqRC15","ATTGCTACGCTCGCTGAGTC",20,191
"286","WF1-BarseqF16","WR3-BarSeqRC16","GTCAAGTAGTAAGACCTTGA",20,211
"287","WF1-BarseqF16","WR3-BarSeqRC8","CGCCGCGGCGGCCCATGAGG",20,304
"288","WF1-BarseqF16","WR4-BarSeqRC16","TGCGACGGGAAATATCAGGT",20,63
"289","WF1-BarseqF16","WR4-BarSeqRC7","ACTGATTATACAGATAGGCT",20,56
"290","WF1-BarseqF16","WR4-BarSeqRC8","GCCGCGATGGTATGCGAGTC",20,50
"291","WF1-BarseqF16","WR5-BarSeqRC1","GCAATCAAGCCCGTCAGCAT",20,97
"292","WF1-BarseqF16","WR5-BarSeqRC11","CCTTGAAGCGCCAAGCGCGG",20,53
"293","WF1-BarseqF16","WR5-BarSeqRC14","CAGAAGGTTTGTGGCATCTG",20,122
"294","WF1-BarseqF16","WR5-BarSeqRC15","GAACGTGACTGAGGGGATGC",20,213
"295","WF1-BarseqF16","WR5-BarSeqRC16","CGATTGCGTGCTGCCCCGGT",20,55
"296","WF1-BarseqF16","WR5-BarSeqRC16","TGGTGGGGTGCAGACGAGGT",20,145
"297","WF1-BarseqF16","WR5-BarSeqRC9","AGGAGGAGGCGAGGTCACGG",20,219
"298","WF1-BarseqF16","WR6-BarSeqRC10","GTGTATTATAGCGAAGGTAT",20,58
"299","WF1-BarseqF16","WR6-BarSeqRC11","GAAGGGCGGAACATATGATC",20,87
"300","WF1-BarseqF16","WR6-BarSeqRC11","TGCGTAAGGTACGTGGAGGA",20,161
"301","WF1-BarseqF16","WR6-BarSeqRC12","CGCACTGTGGGGTTTATGCC",20,54
"302","WF1-BarseqF16","WR6-BarSeqRC13","GTTTAGTAACTATTCGCCTG",20,197
"303","WF1-BarseqF16","WR6-BarSeqRC13","TAGAAGGCGAGAGGGGCGGG",20,55
"304","WF1-BarseqF16","WR6-BarSeqRC14","GGGGGGGCGGGACCATGATA",20,127
"305","WF1-BarseqF16","WR6-BarSeqRC14","GGTGGATTGGGGTTTTTGTG",20,375
"306","WF1-BarseqF16","WR6-BarSeqRC15","ATAAGTGCTTTTGTGCGAAT",20,95
"307","WF1-BarseqF16","WR6-BarSeqRC15","CAATGTGGTATGGGAGAGGA",20,142
"308","WF1-BarseqF16","WR6-BarSeqRC15","GCTGGTGAGGGGATGGTGGG",20,100
"309","WF1-BarseqF16","WR6-BarSeqRC15","TACACCGTTGTCCTAGCGCA",20,58
"310","WF1-BarseqF16","WR6-BarSeqRC16","CTTGGTGCCTTGTGGCGCGG",20,83
"311","WF1-BarseqF16","WR6-BarSeqRC8","GGATTATTTAAATCAAGGTA",20,58
"312","WF1-BarseqF16","WR6-BarSeqRC8","GTTGGTGGACTGAGGTATTG",20,325
"313","WF1-BarseqF17","WR1-BarSeqRC13","ATTACGAGGGCAGTGTGATC",20,68
"314","WF1-BarseqF17","WR1-BarSeqRC13","TAAGGCAGGGCCGGATGAGG",20,69
"315","WF1-BarseqF17","WR1-BarSeqRC13","TAGTGCTCGGACACATACGA",20,350
"316","WF1-BarseqF17","WR1-BarSeqRC14","GAGGCAGGCGCCGCCTGGGT",20,283
"317","WF1-BarseqF17","WR1-BarSeqRC15","CGGAGGCGTGAACTTACTGT",20,91
"318","WF1-BarseqF17","WR1-BarSeqRC15","GGCGGCAGGGCGGGCGAGAG",20,60
"319","WF1-BarseqF17","WR1-BarSeqRC7","CTGCAGGTGCTGGAGGCAGT",20,110
"320","WF1-BarseqF17","WR2-BarSeqRC13","GGATTAAGCGGGCGGCAGAC",20,229
"321","WF1-BarseqF17","WR2-BarSeqRC14","CCTTGAAGCGCCAAGCGCGG",20,51
"322","WF1-BarseqF17","WR2-BarSeqRC15","CGCTTCGGGACTGCTGGGTG",20,63
"323","WF1-BarseqF17","WR2-BarSeqRC2","ACTAAATGGGGTTCCGTGTA",20,50
"324","WF1-BarseqF17","WR2-BarSeqRC3","AGCTCACGGGACGGGAGGGA",20,50
"325","WF1-BarseqF17","WR3-BarSeqRC1","GTGCGGGAAAGCGGGCCTCT",20,109
"326","WF1-BarseqF17","WR3-BarSeqRC10","GAAACGGCGGGGTTCCCGTG",20,186
"327","WF1-BarseqF17","WR3-BarSeqRC11","AGCTAAACCTAGGGGGTACA",20,80
"328","WF1-BarseqF17","WR3-BarSeqRC12","CCGTTGGGGCCGCCGAGCAT",20,59
"329","WF1-BarseqF17","WR3-BarSeqRC14","TAGACGGACTCGAACGATGG",20,151
"330","WF1-BarseqF17","WR3-BarSeqRC15","GGTGAACCAATGGAGGTGGG",20,152
"331","WF1-BarseqF17","WR3-BarSeqRC16","TTTAATGCGCGAAAGGTTGA",20,92
"332","WF1-BarseqF17","WR3-BarSeqRC17","ATCAAGGTAGGGGTGTTACA",20,174
"333","WF1-BarseqF17","WR3-BarSeqRC3","GTGGGGGTTAAAGAGAGTCG",20,74
"334","WF1-BarseqF17","WR3-BarSeqRC4","GTTTGATTTCAAAGGACTGT",20,89
"335","WF1-BarseqF17","WR3-BarSeqRC5","GTGGGGGTTAAAGAGAGTCG",20,144
"336","WF1-BarseqF17","WR3-BarSeqRC7","GTGGCGAGTAGGATTGCTAA",20,115
"337","WF1-BarseqF17","WR3-BarSeqRC9","ACATTTGGCTGGGTGGTATT",20,52
"338","WF1-BarseqF17","WR3-BarSeqRC9","GCCCTAAGGGGTGGACCTAG",20,134
"339","WF1-BarseqF17","WR5-BarSeqRC11","CCTTGAAGCGCCAAGCGCGG",20,50
"340","WF1-BarseqF17","WR5-BarSeqRC11","GTAGTTATTGCGCAAAAAGC",20,60
"341","WF1-BarseqF17","WR5-BarSeqRC11","TCTCACCGCGTCGGTACATG",20,50
"342","WF1-BarseqF17","WR5-BarSeqRC13","GTGTTAATGCTATGTAAAAA",20,187
"343","WF1-BarseqF17","WR5-BarSeqRC13","TTGGTTGGGGTGGAGTCATA",20,212
"344","WF1-BarseqF17","WR5-BarSeqRC14","CGTTAGTATTCCCCGGGGTT",20,163
"345","WF1-BarseqF17","WR5-BarSeqRC15","ACGGGAGGTGTGGCTCAGCG",20,113
"346","WF1-BarseqF17","WR5-BarSeqRC15","GTCTGTTTGGGAGAATTACA",20,77
"347","WF1-BarseqF17","WR5-BarSeqRC6","CCAATCATTAATCGGACGAA",20,81
"348","WF1-BarseqF17","WR5-BarSeqRC6","GTGCGGAGGTGTTCCCTTGC",20,59
"349","WF1-BarseqF17","WR5-BarSeqRC8","GGAGGAGTGCGGCCTAGCGG",20,50
"350","WF1-BarseqF17","WR5-BarSeqRC8","TGCCCGATTCGATGCCATAA",20,152
"351","WF1-BarseqF17","WR6-BarSeqRC1","TCTAACTGGCTCGCACTGGG",20,73
"352","WF1-BarseqF17","WR6-BarSeqRC1","TTCTTCATTTGGGGTGTCTC",20,53
"353","WF1-BarseqF17","WR6-BarSeqRC10","ATAAGCTGGGTGGCGTTCGG",20,342
"354","WF1-BarseqF17","WR6-BarSeqRC11","GGCTAGGGGGCCGTTCCTCG",20,151
"355","WF1-BarseqF17","WR6-BarSeqRC11","TTAGGTAGGAGCGAGGCGCC",20,131
"356","WF1-BarseqF17","WR6-BarSeqRC14","AAGCAGGTGTTCACTGCGGC",20,56
"357","WF1-BarseqF17","WR6-BarSeqRC14","ATATGGTCCCGGTGGGCAGT",20,87
"358","WF1-BarseqF17","WR6-BarSeqRC14","TCCTTTACACGGGAGACCAG",20,54
"359","WF1-BarseqF17","WR6-BarSeqRC3","TTATTGGTTAGGGAAGTGAG",20,258
"360","WF1-BarseqF17","WR6-BarSeqRC4","TCGGCCGTATGTAGCATGCA",20,283
"361","WF1-BarseqF17","WR6-BarSeqRC9","GCTGTTCTGGGCCAGGGGCT",20,405
"362","WF1-BarseqF18","WR1-BarSeqRC11","GTCAGGCCGCGTCGCCTGGT",20,99
"363","WF1-BarseqF18","WR1-BarSeqRC13","AACAGCTAGCGACAGTCGGT",20,101
"364","WF1-BarseqF18","WR1-BarSeqRC13","GGGACCAGGCTGAATGACGA",20,81
"365","WF1-BarseqF18","WR1-BarSeqRC14","AACACCACGTTACCCAAAAT",20,84
"366","WF1-BarseqF18","WR1-BarSeqRC15","GCAGGCGGCGGGAGACGCGC",20,201
"367","WF1-BarseqF18","WR1-BarSeqRC16","CCGACGGGTGCTTGTGATAG",20,217
"368","WF1-BarseqF18","WR1-BarSeqRC8","AGGCACTAAGGATTTGAGTC",20,130
"369","WF1-BarseqF18","WR2-BarSeqRC15","CGGGGACCGGGGTGCGGGGG",20,112
"370","WF1-BarseqF18","WR2-BarSeqRC2","GATAGGGGATCGCCAGCGGA",20,65
"371","WF1-BarseqF18","WR2-BarSeqRC9","CATAAAGGGGATTGACTCAG",20,163
"372","WF1-BarseqF18","WR2-BarSeqRC9","GGGGCGGAGCCGAGGGAAGG",20,62
"373","WF1-BarseqF18","WR3-BarSeqRC12","CAGAGGTCGTGTTTGTTACC",20,137
"374","WF1-BarseqF18","WR3-BarSeqRC13","CAGAGGTCGTGTTTGTTACC",20,174
"375","WF1-BarseqF18","WR3-BarSeqRC14","CCACCTCGTATTGGTTCAGG",20,186
"376","WF1-BarseqF18","WR3-BarSeqRC16","CGGGGACCGGGGTGCGGGGG",20,63
"377","WF1-BarseqF18","WR4-BarSeqRC13","GTGTTGCAAGCAGTCGACAA",20,56
"378","WF1-BarseqF18","WR5-BarSeqRC12","GGTGCGGCTTTGCACGGGGT",20,71
"379","WF1-BarseqF18","WR5-BarSeqRC13","GGGGCCCATAGTGCGGGGTG",20,63
"380","WF1-BarseqF18","WR5-BarSeqRC13","TCTCAGCGGTAAGTTTTCAA",20,169
"381","WF1-BarseqF18","WR5-BarSeqRC14","CGTGTGCGCGCCCTGGTCCA",20,95
"382","WF1-BarseqF18","WR5-BarSeqRC15","AGGATGGGTAACCGGAGGAC",20,86
"383","WF1-BarseqF18","WR5-BarSeqRC15","GCGGGGGTGGGTGTGTATGT",20,138
"384","WF1-BarseqF18","WR5-BarSeqRC15","GGGGCTCCGTAATCTGACTT",20,97
"385","WF1-BarseqF18","WR5-BarSeqRC16","AGGAGTACAACTTTGGTGTG",20,67
"386","WF1-BarseqF18","WR5-BarSeqRC16","CCAGCAGTGTTAGGCTCAGA",20,145
"387","WF1-BarseqF18","WR5-BarSeqRC3","ACCTGCCGGGCGAGGCGCGG",20,50
"388","WF1-BarseqF18","WR5-BarSeqRC5","TTTTTTGGTTACGTGGGGGG",20,66
"389","WF1-BarseqF18","WR5-BarSeqRC8","GGGCGACTGGGGGGCACGGG",20,140
"390","WF1-BarseqF18","WR6-BarSeqRC15","ACCCCCCGGAACCGTGAATT",20,153
"391","WF1-BarseqF18","WR6-BarSeqRC15","AGGTAGCAGAACATTTAGTG",20,126
"392","WF1-BarseqF18","WR6-BarSeqRC15","CAGCGAACGAGTGCCTGGTT",20,77
"393","WF1-BarseqF18","WR6-BarSeqRC4","AACTGCTGATGGTGGTTCCA",20,245
"394","WF1-BarseqF19","WR1-BarSeqRC11","CGATGTAAAGTGTGTTCAAT",20,148
"395","WF1-BarseqF19","WR1-BarSeqRC13","TCGGGAGCGAAGGTATGTAT",20,161
"396","WF1-BarseqF19","WR1-BarSeqRC14","ATGGGATGGAAGGTGGGGGT",20,327
"397","WF1-BarseqF19","WR1-BarSeqRC14","GAAAGGGAACTGGTCAGGCG",20,82
"398","WF1-BarseqF19","WR1-BarSeqRC15","ACTGAGGCGGAGACTGTGGG",20,168
"399","WF1-BarseqF19","WR1-BarSeqRC15","TGGCTCGGATTAAGCGGCAT",20,137
"400","WF1-BarseqF19","WR1-BarSeqRC8","GGGTACGATGTCAGCATCCC",20,309
"401","WF1-BarseqF19","WR1-BarSeqRC9","GTGTCAAATATGAGTTTTGG",20,258
"402","WF1-BarseqF19","WR2-BarSeqRC13","TTGTGCCAGGCCTTCGTACT",20,72
"403","WF1-BarseqF19","WR2-BarSeqRC14","TGTTCACGCAGATTTACATA",20,200
"404","WF1-BarseqF19","WR2-BarSeqRC15","GGACCGGGGAGACTGTCATG",20,216
"405","WF1-BarseqF19","WR3-BarSeqRC1","CAGGTGTTAATATCTAGGAT",20,137
"406","WF1-BarseqF19","WR3-BarSeqRC11","GGATTTTTGCGGATTTATTT",20,143
"407","WF1-BarseqF19","WR3-BarSeqRC15","TGTTCACGCAGATTTACATA",20,54
"408","WF1-BarseqF19","WR3-BarSeqRC16","ATCAAGGTAGGGGTGTTACA",20,267
"409","WF1-BarseqF19","WR3-BarSeqRC17","ACTCATGTATAAGTTCTGAG",20,295
"410","WF1-BarseqF19","WR3-BarSeqRC5","GAACCGAGGGGGGTCGGACG",20,70
"411","WF1-BarseqF19","WR3-BarSeqRC7","GAGAGGTAAGGGGTGGGGTA",20,154
"412","WF1-BarseqF19","WR4-BarSeqRC12","AGTTGTCTGTGGGCAGGTGG",20,58
"413","WF1-BarseqF19","WR4-BarSeqRC13","GAAGGCGTTACGAGAGGGTA",20,93
"414","WF1-BarseqF19","WR4-BarSeqRC14","TCAGCGTAGTGTAGCGTGAG",20,79
"415","WF1-BarseqF19","WR4-BarSeqRC15","GTATCAGATCAGGACGCTGG",20,105
"416","WF1-BarseqF19","WR4-BarSeqRC8","AGAGGATCGTGGGGTGTAAA",20,62
"417","WF1-BarseqF19","WR4-BarSeqRC9","CAGGAGCGGGGAGCCGGGGA",20,53
"418","WF1-BarseqF19","WR5-BarSeqRC1","TACGCCAGGGCATTGCGTAT",20,51
"419","WF1-BarseqF19","WR5-BarSeqRC1","TGCAGGGAGTGGAATGGCGA",20,64
"420","WF1-BarseqF19","WR5-BarSeqRC11","GAGAAGACGGGTCTAGGAGG",20,61
"421","WF1-BarseqF19","WR5-BarSeqRC11","TGTCACTTTTGAGTAGAAAC",20,76
"422","WF1-BarseqF19","WR5-BarSeqRC13","GGAGCATTGTTATGAAGATG",20,109
"423","WF1-BarseqF19","WR5-BarSeqRC13","GGGTAGAAACCACTGCAGGC",20,51
"424","WF1-BarseqF19","WR5-BarSeqRC13","GTCATCTTGGTTAAATGAGT",20,53
"425","WF1-BarseqF19","WR5-BarSeqRC13","TAGGGGACAGGGAGGCAGAG",20,277
"426","WF1-BarseqF19","WR5-BarSeqRC14","GTGGACAGTAGGGCAAGGGG",20,105
"427","WF1-BarseqF19","WR5-BarSeqRC14","TACGAATTGAGTGGGTTGTA",20,202
"428","WF1-BarseqF19","WR5-BarSeqRC15","CTCAGGTCGGTAGCCAGGCA",20,243
"429","WF1-BarseqF19","WR5-BarSeqRC16","TTGATCATAAAACCTCTGGA",20,194
"430","WF1-BarseqF19","WR5-BarSeqRC3","TGCGCCTGTACAGTCAACCG",20,129
"431","WF1-BarseqF19","WR5-BarSeqRC5","TTGTTTAGTCGAAAAAGAAG",20,75
"432","WF1-BarseqF19","WR5-BarSeqRC6","TCAAGCTGTAAACCTTCTTA",20,95
"433","WF1-BarseqF19","WR5-BarSeqRC8","AAAAGGGCATATGGGGGGGG",20,246
"434","WF1-BarseqF19","WR5-BarSeqRC9","AACTGGTTGGGAGAAGGCGT",20,138
"435","WF1-BarseqF19","WR5-BarSeqRC9","GTCCTTCTGTCGGAAGAGCA",20,78
"436","WF1-BarseqF19","WR6-BarSeqRC13","GGTATCGCATGTGGTCCAAC",20,422
"437","WF1-BarseqF19","WR6-BarSeqRC14","CTGGAGGTACAGTGGGTTGC",20,228
"438","WF1-BarseqF19","WR6-BarSeqRC14","GTCTGTTTATGAGGCTGTTA",20,162
"439","WF1-BarseqF19","WR6-BarSeqRC15","ACCTGACCGAAGGCCTTGGA",20,458
"440","WF1-BarseqF2","WR1-BarSeqRC1","GACCCCCATTATTCTACCCC",20,57
"441","WF1-BarseqF2","WR1-BarSeqRC11","ATGATGTTAGGGATCATAGA",20,78
"442","WF1-BarseqF2","WR1-BarSeqRC13","AAGGATGTAAGAGCTATCGA",20,125
"443","WF1-BarseqF2","WR1-BarSeqRC13","GAGGGGCTCTCAGGCAGCTT",20,124
"444","WF1-BarseqF2","WR1-BarSeqRC13","GGTCGGGGTGTCTGACGGCT",20,52
"445","WF1-BarseqF2","WR1-BarSeqRC14","GAGCTTACTTAGAACAGACC",20,143
"446","WF1-BarseqF2","WR1-BarSeqRC14","GCCTTACAACCGGCTGTGCT",20,95
"447","WF1-BarseqF2","WR1-BarSeqRC15","AGGGTGCTTTGTGCCGGGGG",20,202
"448","WF1-BarseqF2","WR1-BarSeqRC16","CCGGTCGCGGCCCGCGGGGA",20,156
"449","WF1-BarseqF2","WR1-BarSeqRC16","TCGAATGACCGAGGAAGCCG",20,110
"450","WF1-BarseqF2","WR2-BarSeqRC15","AGTAGGAGGGGCTGGGGGAT",20,74
"451","WF1-BarseqF2","WR3-BarSeqRC11","TTAATCGGGGGCGTTCGGTA",20,144
"452","WF1-BarseqF2","WR3-BarSeqRC13","ATGAACCTTTATCAAACCTG",20,90
"453","WF1-BarseqF2","WR3-BarSeqRC17","TTGGGGGGGGCAAAACCAAC",20,114
"454","WF1-BarseqF2","WR3-BarSeqRC2","TGAAGAGGCGGGGGGGGTGC",20,69
"455","WF1-BarseqF2","WR3-BarSeqRC3","CGGAAAGGTGAACACGTCGG",20,75
"456","WF1-BarseqF2","WR3-BarSeqRC4","GGGGCTACGGACTCGGAAGC",20,87
"457","WF1-BarseqF2","WR3-BarSeqRC4","GTCGTGTTGTCGAAGAAAAT",20,63
"458","WF1-BarseqF2","WR3-BarSeqRC5","TAGGCAGTGGGGAGAGGAGG",20,159
"459","WF1-BarseqF2","WR3-BarSeqRC7","CGGTACTTACGCGTAAAACG",20,165
"460","WF1-BarseqF2","WR4-BarSeqRC13","AAAGTCCCCCCAGGGAATGG",20,80
"461","WF1-BarseqF2","WR4-BarSeqRC15","GGGCGGTACCGCGGACGGAC",20,110
"462","WF1-BarseqF2","WR5-BarSeqRC11","GTGGCTTCTGAGGCGGTTTT",20,64
"463","WF1-BarseqF2","WR5-BarSeqRC12","TTCTATCTGTACCTTCATTT",20,69
"464","WF1-BarseqF2","WR5-BarSeqRC13","AATCGTTGCACGGTTGACTG",20,156
"465","WF1-BarseqF2","WR5-BarSeqRC13","ACGTACTCAACAGCTGAGCT",20,110
"466","WF1-BarseqF2","WR5-BarSeqRC13","AGTGTACTGAATAATTGTGC",20,141
"467","WF1-BarseqF2","WR5-BarSeqRC14","AGATAGAGATCTTTGATTTT",20,102
"468","WF1-BarseqF2","WR5-BarSeqRC15","ACAGATGTGTGGCAGGGGCG",20,65
"469","WF1-BarseqF2","WR5-BarSeqRC15","ACCCAGCTGTGGCAGGCAAG",20,79
"470","WF1-BarseqF2","WR5-BarSeqRC15","CAGGTGAAATGAGAGCGTAC",20,100
"471","WF1-BarseqF2","WR5-BarSeqRC16","GGGAGGAGGAGGAGTCGTAC",20,67
"472","WF1-BarseqF2","WR5-BarSeqRC3","CCACGCCTTTTTATGCTTTG",20,59
"473","WF1-BarseqF2","WR5-BarSeqRC7","CGATCGCGCAATTCCAAATG",20,110
"474","WF1-BarseqF2","WR5-BarSeqRC7","CGATGCACTATGGTGCGTGG",20,94
"475","WF1-BarseqF2","WR5-BarSeqRC8","CTAGGTATTCTGGTCTTCAT",20,143
"476","WF1-BarseqF2","WR5-BarSeqRC8","CTTCTGTAGGAAGGTCACCT",20,69
"477","WF1-BarseqF2","WR6-BarSeqRC1","CGGTCCGTGCTTGACGTACG",20,66
"478","WF1-BarseqF2","WR6-BarSeqRC1","GGTCGTCGCAGGAGGTAGGG",20,77
"479","WF1-BarseqF2","WR6-BarSeqRC1","TGGTCTGGATGCGTGGTGAG",20,66
"480","WF1-BarseqF2","WR6-BarSeqRC1","TTACGCGCTGTAGAAAGCCG",20,103
"481","WF1-BarseqF2","WR6-BarSeqRC10","CTCCCAATCGTTGTCGGGGA",20,307
"482","WF1-BarseqF2","WR6-BarSeqRC11","GATCAATAACATCGTGTTTA",20,381
"483","WF1-BarseqF2","WR6-BarSeqRC13","CGCTTTGAATAGGTCGTTAC",20,58
"484","WF1-BarseqF2","WR6-BarSeqRC14","CGATTCGGAATCTCGACGGT",20,59
"485","WF1-BarseqF2","WR6-BarSeqRC14","GGGGGCAGACGTGGCCTAGC",20,116
"486","WF1-BarseqF2","WR6-BarSeqRC14","GTTGGACAATGGGAGTGTGC",20,64
"487","WF1-BarseqF2","WR6-BarSeqRC2","GCGGGCACGTCGGACCGAAA",20,54
"488","WF1-BarseqF2","WR6-BarSeqRC2","GGGCTCGGTGGGGGAAATGG",20,197
"489","WF1-BarseqF2","WR6-BarSeqRC9","ACTACCCGTCTAAAGAGCTG",20,144
"490","WF1-BarseqF2","WR6-BarSeqRC9","CTACGCGGATGTTTTCTATA",20,167
"491","WF1-BarseqF20","WR1-BarSeqRC11","TAGCCTGTGAATCTAGTATT",20,156
"492","WF1-BarseqF20","WR1-BarSeqRC13","GCCAGTCGTCTTGGAAGTCG",20,67
"493","WF1-BarseqF20","WR1-BarSeqRC13","GGCGGTGAGATGTAGAGTAG",20,167
"494","WF1-BarseqF20","WR1-BarSeqRC14","GAGTCTGCGGAAGAGAGCGA",20,160
"495","WF1-BarseqF20","WR1-BarSeqRC15","TCGCTCACCGCATAGCGCAC",20,68
"496","WF1-BarseqF20","WR1-BarSeqRC16","AGGTAGCGGTCAGGAGGGTC",20,75
"497","WF1-BarseqF20","WR1-BarSeqRC8","CTATTCATTAGGGAGAGTGT",20,186
"498","WF1-BarseqF20","WR2-BarSeqRC11","TTTCCGGGTGGGCTAACGTG",20,86
"499","WF1-BarseqF20","WR2-BarSeqRC13","ATTCCAGGTTTTGTATGGCA",20,51
"500","WF1-BarseqF20","WR3-BarSeqRC12","CGCCATTGATCTGTTTAGAA",20,104
"501","WF1-BarseqF20","WR3-BarSeqRC16","TATGACGTGGGAACAGGGGC",20,83
"502","WF1-BarseqF20","WR3-BarSeqRC2","CGGCCTAGCGCGTGGCGGTT",20,99
"503","WF1-BarseqF20","WR3-BarSeqRC8","TTGTGACGAGCCGAAATGTG",20,168
"504","WF1-BarseqF20","WR4-BarSeqRC8","GGGGCAGGTTAACGCCAAGG",20,55
"505","WF1-BarseqF20","WR5-BarSeqRC11","CCTTGAAGCGCCAAGCGCGG",20,50
"506","WF1-BarseqF20","WR5-BarSeqRC13","CAGGGGGGACTGGGGGAAGA",20,52
"507","WF1-BarseqF20","WR5-BarSeqRC16","GGATAGGGTCTGTAGAGTCA",20,58
"508","WF1-BarseqF20","WR5-BarSeqRC2","TGTGTCGTTGTGGCTAAATC",20,54
"509","WF1-BarseqF20","WR6-BarSeqRC15","AGGCCACTCGGACTTCTTGA",20,157
"510","WF1-BarseqF20","WR6-BarSeqRC15","GTCCGCCGAAAGGACGGAGT",20,109
"511","WF1-BarseqF21","WR1-BarSeqRC11","AGGGTGTGTACCGGGGGGCA",20,86
"512","WF1-BarseqF21","WR1-BarSeqRC13","CGGTCTAAGTTTCTGTGCGA",20,298
"513","WF1-BarseqF21","WR1-BarSeqRC14","GAGGTTAAGGAACCACGAGG",20,322
"514","WF1-BarseqF21","WR1-BarSeqRC14","GGGGTAGAAGGGCGTGTGCG",20,60
"515","WF1-BarseqF21","WR1-BarSeqRC15","GAGGCCCCACGCTTGGCGCT",20,286
"516","WF1-BarseqF21","WR1-BarSeqRC16","AACCAGGGATGTTTAGGCGG",20,151
"517","WF1-BarseqF21","WR1-BarSeqRC16","GAGACGGGGGAGGAAGGGCG",20,108
"518","WF1-BarseqF21","WR1-BarSeqRC8","AGTTCCCTCGCATACGGTGC",20,62
"519","WF1-BarseqF21","WR2-BarSeqRC9","TTAGATAAGGAAAGTTGGTA",20,271
"520","WF1-BarseqF21","WR3-BarSeqRC10","GTAAGAATGAGTTTTCAGTG",20,146
"521","WF1-BarseqF21","WR3-BarSeqRC14","GGGTAAGTCCGGAGGTGCCG",20,53
"522","WF1-BarseqF21","WR3-BarSeqRC14","TACGTTATGCCTTCGCGGCA",20,165
"523","WF1-BarseqF21","WR3-BarSeqRC15","CTGTTTTAGCGCTGTCTGGA",20,83
"524","WF1-BarseqF21","WR3-BarSeqRC15","TCGCAAATCGTTCCCGAAGA",20,72
"525","WF1-BarseqF21","WR3-BarSeqRC16","CAGTCAGCCGTCGACGAGAT",20,63
"526","WF1-BarseqF21","WR3-BarSeqRC16","CTAGACTTTAATGTTTGGTA",20,83
"527","WF1-BarseqF21","WR3-BarSeqRC5","CGTTGCGTTGTGGAGCCCGG",20,81
"528","WF1-BarseqF21","WR3-BarSeqRC6","TTCATCTATTGATGGACAAC",20,169
"529","WF1-BarseqF21","WR4-BarSeqRC13","TGCCGAAGTTTATAGCTAGT",20,63
"530","WF1-BarseqF21","WR4-BarSeqRC13","TGGTAGGAAGGGTCCAGCGC",20,61
"531","WF1-BarseqF21","WR4-BarSeqRC14","AATGCACAATTTCGATGGCC",20,76
"532","WF1-BarseqF21","WR4-BarSeqRC15","CGATTGTTACTCCTAAGTAA",20,141
"533","WF1-BarseqF21","WR4-BarSeqRC3","TGTGGCGGGGTCGAGCTGTA",20,59
"534","WF1-BarseqF21","WR5-BarSeqRC13","ACGGCTAACCATCCGCCCGT",20,95
"535","WF1-BarseqF21","WR5-BarSeqRC13","GGGTAACTTTGGTCGTTCTC",20,332
"536","WF1-BarseqF21","WR5-BarSeqRC14","CTAAGGCTGTGGCCGCCGCT",20,50
"537","WF1-BarseqF21","WR5-BarSeqRC14","GATGGTTTCTTAAATGAGTA",20,84
"538","WF1-BarseqF21","WR5-BarSeqRC14","TGCTTGCGGAGAGTGCGGGG",20,50
"539","WF1-BarseqF21","WR5-BarSeqRC15","CACCTGGCCCGGTGTATTCT",20,88
"540","WF1-BarseqF21","WR5-BarSeqRC15","CCTGTAGCGGCGCGAGTTTT",20,55
"541","WF1-BarseqF21","WR5-BarSeqRC15","GGTTGGTCGGGGCGAAAAAT",20,194
"542","WF1-BarseqF21","WR5-BarSeqRC15","TTGAGGTGGGTTTGGGCGGA",20,74
"543","WF1-BarseqF21","WR5-BarSeqRC16","GTTCGCCGGTGCCGAGTACG",20,66
"544","WF1-BarseqF21","WR5-BarSeqRC16","TGTCTTGAGCCACGGAAAAT",20,54
"545","WF1-BarseqF21","WR5-BarSeqRC8","TAAATGTGATGGAGGTATGG",20,64
"546","WF1-BarseqF21","WR6-BarSeqRC13","ATGCACCTTTTCACTTTGTT",20,327
"547","WF1-BarseqF21","WR6-BarSeqRC14","CATTTAAAGGTACAGGAGGA",20,496
"548","WF1-BarseqF21","WR6-BarSeqRC15","GCTCCTCAAGTCAGAGGTAG",20,302
"549","WF1-BarseqF21","WR6-BarSeqRC15","GTTTTTAAGATTCTCCGACT",20,138
"550","WF1-BarseqF21","WR6-BarSeqRC15","TCTAGTTCCTAGCCGCGAGG",20,61
"551","WF1-BarseqF21","WR6-BarSeqRC16","ACAGTAGATGGGGAAGGCGG",20,204
"552","WF1-BarseqF21","WR6-BarSeqRC16","AGTTAGGTTGTAGTGGTAAT",20,53
"553","WF1-BarseqF21","WR6-BarSeqRC16","GTCTCGCTTGTACCGGTGAC",20,163
"554","WF1-BarseqF21","WR6-BarSeqRC3","AGGCAGGGCGCCTTGCTCGG",20,84
"555","WF1-BarseqF21","WR6-BarSeqRC3","ATCAGGGTTGCTTACCGCTG",20,73
"556","WF1-BarseqF21","WR6-BarSeqRC3","CTGTGAAATTTTTAGACGGT",20,84
"557","WF1-BarseqF21","WR6-BarSeqRC5","AGGTTGGGGGCAAGTGACCC",20,55
"558","WF1-BarseqF21","WR6-BarSeqRC5","GTGGGAAAGGGAGAGGTGGG",20,85
"559","WF1-BarseqF21","WR6-BarSeqRC7","TGTTGGCCGGAGGGGCCCAT",20,422
"560","WF1-BarseqF21","WR6-BarSeqRC8","CTCTACAGGTTAGGAAGTTT",20,534
"561","WF1-BarseqF21","WR6-BarSeqRC9","GGTGTGCAGGCGACGTAAGG",20,64
"562","WF1-BarseqF22","WR1-BarSeqRC11","GCGTACTAACAGGGTTAGTC",20,75
"563","WF1-BarseqF22","WR1-BarSeqRC13","TTTGGGCCTAGGCAGGCGGG",20,354
"564","WF1-BarseqF22","WR1-BarSeqRC14","GCGCGGAGGGGTTTCTGGGT",20,296
"565","WF1-BarseqF22","WR1-BarSeqRC15","CTATGGAAAGTTAGCCTTGG",20,125
"566","WF1-BarseqF22","WR1-BarSeqRC16","TGGTGATACGTATGCCTTGA",20,162
"567","WF1-BarseqF22","WR1-BarSeqRC7","CGGTTCGGAGAGGTGAAGGG",20,99
"568","WF1-BarseqF22","WR1-BarSeqRC7","TGCCGGTAAGACATGTGGTC",20,80
"569","WF1-BarseqF22","WR1-BarSeqRC8","TGTGCGGAGGTTGATATGTT",20,124
"570","WF1-BarseqF22","WR1-BarSeqRC8","TTCGCACTGCTCCGTATATC",20,132
"571","WF1-BarseqF22","WR2-BarSeqRC14","CCTTGAAGCGCCAAGCGCGG",20,53
"572","WF1-BarseqF22","WR2-BarSeqRC15","ATGAGTGGCGACAAAATTCT",20,77
"573","WF1-BarseqF22","WR3-BarSeqRC14","TACCATTGTAGTAGAGCCCG",20,174
"574","WF1-BarseqF22","WR3-BarSeqRC7","CTTTAAGTCTGACGATGGGC",20,115
"575","WF1-BarseqF22","WR4-BarSeqRC15","GCCTGTGACAGGGATAGTCT",20,89
"576","WF1-BarseqF22","WR4-BarSeqRC16","TGATATCTTGATAGTAGGCT",20,50
"577","WF1-BarseqF22","WR5-BarSeqRC11","CCTTGAAGCGCCAAGCGCGG",20,61
"578","WF1-BarseqF22","WR5-BarSeqRC14","GATCTGATTTCGCGGCAACT",20,89
"579","WF1-BarseqF22","WR5-BarSeqRC15","AGTTAGCGCGTGTGCGACTG",20,53
"580","WF1-BarseqF22","WR5-BarSeqRC15","TCAGCATAGAGGCAACGCAA",20,122
"581","WF1-BarseqF22","WR5-BarSeqRC16","GCTTGTCCATGTCTTGGTGG",20,194
"582","WF1-BarseqF22","WR5-BarSeqRC16","GGGTTGGCAGTGCGGGGGCG",20,68
"583","WF1-BarseqF22","WR5-BarSeqRC3","TGAGCACGGGGAATAGCGGA",20,134
"584","WF1-BarseqF22","WR5-BarSeqRC8","ATCAGTAGCCTGCTGGGGAC",20,80
"585","WF1-BarseqF22","WR5-BarSeqRC8","GAGAATGGGCGGGCGTGGGA",20,61
"586","WF1-BarseqF22","WR5-BarSeqRC9","GCCGGCGCTTGTGGCGCCCA",20,200
"587","WF1-BarseqF22","WR6-BarSeqRC13","GGAAACGATCGGATCAGGGG",20,106
"588","WF1-BarseqF22","WR6-BarSeqRC13","TCCAGGTGAAGCAAGGAAAT",20,348
"589","WF1-BarseqF22","WR6-BarSeqRC14","AGGTAGCTAAATGTGGGCCT",20,106
"590","WF1-BarseqF22","WR6-BarSeqRC14","GATGAGCGATCGGGGCCTGG",20,220
"591","WF1-BarseqF22","WR6-BarSeqRC15","GATAAAAGGACTTGCGGTTG",20,551
"592","WF1-BarseqF22","WR6-BarSeqRC16","AGAGATGTGAAATTTTATCA",20,209
"593","WF1-BarseqF22","WR6-BarSeqRC16","CCGAAAGGTAGAGGGGGCGT",20,60
"594","WF1-BarseqF22","WR6-BarSeqRC16","GTAAGGTGTGTCAGGGGTTG",20,69
"595","WF1-BarseqF22","WR6-BarSeqRC8","AAGGGAGGGGGGGCGAGGGC",20,258
"596","WF1-BarseqF22","WR6-BarSeqRC8","AGAGTGAGGGTTGGGGCGGG",20,71
"597","WF1-BarseqF22","WR6-BarSeqRC8","TGCTGTTATTTCTCACGCGC",20,63
"598","WF1-BarseqF23","WR1-BarSeqRC11","GTGTTACGGTGTCAGGGAGG",20,90
"599","WF1-BarseqF23","WR1-BarSeqRC13","GTTGTTTGTATATTATCACA",20,125
"600","WF1-BarseqF23","WR1-BarSeqRC13","GTTTCTAAGTCTGTGGGCAG",20,246
"601","WF1-BarseqF23","WR1-BarSeqRC14","ACGAAGATTAAGTTACGGGTG",21,94
"602","WF1-BarseqF23","WR1-BarSeqRC14","GGCCGTTGAACGCAAGAAGA",20,193
"603","WF1-BarseqF23","WR1-BarSeqRC16","TGCATACAATGAGCTAGCTT",20,97
"604","WF1-BarseqF23","WR1-BarSeqRC7","CCAGGGGGACCGTCGCGGCG",20,103
"605","WF1-BarseqF23","WR1-BarSeqRC8","GCGGGACGCATTGGGAGTAA",20,124
"606","WF1-BarseqF23","WR1-BarSeqRC8","TTATTTGCCTGAAACTCGAA",20,53
"607","WF1-BarseqF23","WR2-BarSeqRC14","CCTTGAAGCGCCAAGCGCGG",20,81
"608","WF1-BarseqF23","WR2-BarSeqRC15","ATGAGTGGCGACAAAATTCT",20,91
"609","WF1-BarseqF23","WR2-BarSeqRC9","ATTGTTGGAGGAGTAGCAGA",20,109
"610","WF1-BarseqF23","WR3-BarSeqRC1","CTGGGGCAAATACTGTATGC",20,79
"611","WF1-BarseqF23","WR3-BarSeqRC12","GTAGTGGAGGGTTTCAGGAT",20,63
"612","WF1-BarseqF23","WR3-BarSeqRC8","TGGGTAGTTATACTGCTCAT",20,69
"613","WF1-BarseqF23","WR3-BarSeqRC9","TATGTGCCGGGTGAGGGTCC",20,141
"614","WF1-BarseqF23","WR4-BarSeqRC14","TTCACCGGTGGTCGCGGATT",20,61
"615","WF1-BarseqF23","WR4-BarSeqRC15","CGGGGAGGAAGGCTGAACGT",20,65
"616","WF1-BarseqF23","WR5-BarSeqRC13","ACGGCTAACCATCCGCCCGT",20,59
"617","WF1-BarseqF23","WR5-BarSeqRC13","GATGGTTTCTTAAATGAGTA",20,84
"618","WF1-BarseqF23","WR5-BarSeqRC13","GGGTAACTTTGGTCGTTCTC",20,120
"619","WF1-BarseqF23","WR5-BarSeqRC14","ACGGGAGGTGTGGCTCAGCG",20,72
"620","WF1-BarseqF23","WR5-BarSeqRC15","ACCTTGGTGTATGCGCGTAG",20,65
"621","WF1-BarseqF23","WR5-BarSeqRC15","GGTGGGGGGGAGCACTGGTT",20,150
"622","WF1-BarseqF23","WR5-BarSeqRC9","ACAGACTCGGTAGACGCACG",20,66
"623","WF1-BarseqF23","WR5-BarSeqRC9","GGGCGCCCAGGGCTTAGAGA",20,90
"624","WF1-BarseqF23","WR6-BarSeqRC11","ATCAACTTTTGCGCCAAAAA",20,240
"625","WF1-BarseqF23","WR6-BarSeqRC11","GTGAAAACGGGGGCCTACGG",20,71
"626","WF1-BarseqF23","WR6-BarSeqRC13","AGCGCGCCAATTTACCGCGT",20,117
"627","WF1-BarseqF23","WR6-BarSeqRC13","GCCGCCTAACAGAAGCTGCG",20,131
"628","WF1-BarseqF23","WR6-BarSeqRC14","GTGTCAGCCGATGGGGTAGG",20,245
"629","WF1-BarseqF23","WR6-BarSeqRC15","CCAAGCTCGTCGCGTAAGTT",20,55
"630","WF1-BarseqF23","WR6-BarSeqRC15","CGGTGAAGGTGAGATGGGGT",20,54
"631","WF1-BarseqF23","WR6-BarSeqRC15","TTCGTGCCGTATGCTCGTTG",20,207
"632","WF1-BarseqF23","WR6-BarSeqRC16","CGCCGGGTAAGGCGAGAGAA",20,52
"633","WF1-BarseqF23","WR6-BarSeqRC16","GGGTTAAAAGAGGCAATGCA",20,235
"634","WF1-BarseqF23","WR6-BarSeqRC7","GTGTGAACGAAGGGGCCATA",20,74
"635","WF1-BarseqF23","WR6-BarSeqRC8","GCTGGAAGCTAAAGCATGGG",20,53
"636","WF1-BarseqF24","WR1-BarSeqRC11","GGGGAGTGTGCCTCTAGGGG",20,76
"637","WF1-BarseqF24","WR1-BarSeqRC12","TGCCTTTTTTTCTGCAAGTT",20,69
"638","WF1-BarseqF24","WR1-BarSeqRC13","GTCGCGCGCAAAAGATTGCC",20,184
"639","WF1-BarseqF24","WR1-BarSeqRC13","TTTGGTGGTGTTGGAAATCT",20,154
"640","WF1-BarseqF24","WR1-BarSeqRC15","GCAGGGTTCTAAAGGGGCGT",20,113
"641","WF1-BarseqF24","WR1-BarSeqRC16","CAGCAAGGTTGGGGCGGGGG",20,62
"642","WF1-BarseqF24","WR1-BarSeqRC6","TGTAAGCGATTGCACCCTTG",20,136
"643","WF1-BarseqF24","WR1-BarSeqRC7","ATATGGGGGCAGGCGTGAGG",20,182
"644","WF1-BarseqF24","WR1-BarSeqRC8","AAGCTGACCATGGTTGGTCG",20,302
"645","WF1-BarseqF24","WR1-BarSeqRC8","GGACCTCGTTTCACGAGGGG",20,78
"646","WF1-BarseqF24","WR2-BarSeqRC14","GGTGGTTAATTGCAGCCCCC",20,176
"647","WF1-BarseqF24","WR2-BarSeqRC15","CCGGCGCGTGGTGGGAGGGG",20,123
"648","WF1-BarseqF24","WR2-BarSeqRC8","ACTGTAATTACCAGTGGGAA",20,55
"649","WF1-BarseqF24","WR2-BarSeqRC9","TTGGGTGGGTAGTGAGGAAG",20,70
"650","WF1-BarseqF24","WR4-BarSeqRC15","GGGAGTGGGTACTGCAGGTG",20,63
"651","WF1-BarseqF24","WR4-BarSeqRC8","ACAACTGGACTTTATACCGA",20,73
"652","WF1-BarseqF24","WR5-BarSeqRC10","CCTAGGGAAGCGATGAAGTA",20,64
"653","WF1-BarseqF24","WR5-BarSeqRC13","CCGATGACGAGTGTGTTTGG",20,76
"654","WF1-BarseqF24","WR5-BarSeqRC15","CGCGCCCGAGAACAATTGAC",20,220
"655","WF1-BarseqF24","WR5-BarSeqRC15","GCGCGAGGGTAAGTTTGGTG",20,104
"656","WF1-BarseqF24","WR5-BarSeqRC16","CATCACAACTTTGGTCACTA",20,187
"657","WF1-BarseqF24","WR6-BarSeqRC11","GACCGCCATTGCGCACCGAA",20,215
"658","WF1-BarseqF24","WR6-BarSeqRC12","GCAAAGAATGGGGACAAAGA",20,69
"659","WF1-BarseqF24","WR6-BarSeqRC12","GCCGTGCAGGCGGCGATTGA",20,75
"660","WF1-BarseqF24","WR6-BarSeqRC13","ACAATGCGCCTGTGAGTATG",20,72
"661","WF1-BarseqF24","WR6-BarSeqRC13","TGCAGCGCGCGCCGCGCAAC",20,107
"662","WF1-BarseqF24","WR6-BarSeqRC14","TCCGTGGCAACGGATGGGGG",20,440
"663","WF1-BarseqF24","WR6-BarSeqRC15","AGCTCCGTGGGGGCCCTTTG",20,59
"664","WF1-BarseqF24","WR6-BarSeqRC15","CAGGAAAACGACAGTGTGAG",20,237
"665","WF1-BarseqF24","WR6-BarSeqRC16","AAGGAGAATACCAAAACGAA",20,275
"666","WF1-BarseqF24","WR6-BarSeqRC4","AATGATTAGGACGTCATCAC",20,161
"667","WF1-BarseqF24","WR6-BarSeqRC7","TTGGACTGAAGACCTGGCCT",20,128
"668","WF1-BarseqF24","WR6-BarSeqRC8","GGGGTAAAGCTGTAAATGAG",20,168
"669","WF1-BarseqF24","WR6-BarSeqRC9","AGCTCGAGTTTTACAATGAG",20,64
"670","WF1-BarseqF3","WR1-BarSeqRC11","CGGGGTACATACACCGAGTG",20,100
"671","WF1-BarseqF3","WR1-BarSeqRC11","GATGTTTTGTTGTGTGCGTT",20,62
"672","WF1-BarseqF3","WR1-BarSeqRC12","GATAATGTGAAAGGGCAGCC",20,94
"673","WF1-BarseqF3","WR1-BarSeqRC13","CGCCCGGGTATATTGTAGCG",20,113
"674","WF1-BarseqF3","WR1-BarSeqRC13","GGCGAGAGGAACGGTGGGCG",20,210
"675","WF1-BarseqF3","WR1-BarSeqRC14","GGTTAACGGCAAGCGGCAAT",20,156
"676","WF1-BarseqF3","WR1-BarSeqRC15","GGCCCGGGATCCTGGGGGGG",20,354
"677","WF1-BarseqF3","WR1-BarSeqRC16","GCGGCAGCATTTGACGGATA",20,430
"678","WF1-BarseqF3","WR2-BarSeqRC11","CCTTGAAGCGCCAAGCGCGG",20,61
"679","WF1-BarseqF3","WR2-BarSeqRC13","GCGGCCCACCCTAATTCGTA",20,98
"680","WF1-BarseqF3","WR2-BarSeqRC14","CCTTGAAGCGCCAAGCGCGG",20,74
"681","WF1-BarseqF3","WR2-BarSeqRC15","CCGAGCGTCGACGAACCTGC",20,74
"682","WF1-BarseqF3","WR2-BarSeqRC15","GATGATGGGCGGCGAACAGT",20,69
"683","WF1-BarseqF3","WR3-BarSeqRC1","GGGCCGTTTGGGACCTAGAA",20,73
"684","WF1-BarseqF3","WR3-BarSeqRC12","ACTGGCTATACCGATTTCAC",20,201
"685","WF1-BarseqF3","WR3-BarSeqRC13","AGCACGGGGAGGAGCCGATC",20,77
"686","WF1-BarseqF3","WR3-BarSeqRC14","GGGGGTGGGGCCAAGCCTGA",20,189
"687","WF1-BarseqF3","WR3-BarSeqRC16","GGACACATGTGAAATCTGGT",20,270
"688","WF1-BarseqF3","WR3-BarSeqRC6","AATGTGCCGGAGGTTAATGG",20,56
"689","WF1-BarseqF3","WR5-BarSeqRC11","ATCAAAGACTTGGCGCTGAT",20,79
"690","WF1-BarseqF3","WR5-BarSeqRC11","CCCGGCGGTTACAGGGCGAG",20,140
"691","WF1-BarseqF3","WR5-BarSeqRC12","ATTGAAGCATCGGGCGTGGA",20,121
"692","WF1-BarseqF3","WR5-BarSeqRC13","AACAGATCGGGACATCACTC",20,105
"693","WF1-BarseqF3","WR5-BarSeqRC13","AGCCGTTTGTGTGGCTTATT",20,62
"694","WF1-BarseqF3","WR5-BarSeqRC13","TGGGGAGCGCAGGGATCGAG",20,177
"695","WF1-BarseqF3","WR5-BarSeqRC14","CGATTTACATTTAGCATGAA",20,196
"696","WF1-BarseqF3","WR5-BarSeqRC15","AGGGATCGAGTACGGTAGCT",20,515
"697","WF1-BarseqF3","WR5-BarSeqRC16","ACCTACTCAGATGGACTGCA",20,50
"698","WF1-BarseqF3","WR5-BarSeqRC16","GGCGCCTTCACGATTGTACA",20,90
"699","WF1-BarseqF3","WR5-BarSeqRC6","CACCGCTTATGTTTACGGAC",20,59
"700","WF1-BarseqF3","WR6-BarSeqRC1","CCGTTGTTTTCGGCCCGAAG",20,98
"701","WF1-BarseqF3","WR6-BarSeqRC13","TAAGTGTGTGGTTTCTAATA",20,56
"702","WF1-BarseqF4","WR1-BarSeqRC11","AACGCACTTATCTGCATGTC",20,92
"703","WF1-BarseqF4","WR1-BarSeqRC15","GTTAGCGACAAGCCCCTACTA",21,197
"704","WF1-BarseqF4","WR1-BarSeqRC15","GTTGGAGAGGCCGGGACGTA",20,92
"705","WF1-BarseqF4","WR1-BarSeqRC16","AGTTTGTCCTGTCTCGTGCG",20,77
"706","WF1-BarseqF4","WR1-BarSeqRC16","TAGGAACAGTATCAGGTATT",20,59
"707","WF1-BarseqF4","WR1-BarSeqRC16","TGTGCGCGTCTGTGGGGGAC",20,115
"708","WF1-BarseqF4","WR1-BarSeqRC7","CCGAGGCATCCGTGCATGAT",20,169
"709","WF1-BarseqF4","WR1-BarSeqRC7","GTGAGCAGGCGTGACGAGGA",20,67
"710","WF1-BarseqF4","WR2-BarSeqRC1","GTAAGTATGGTACTGAGCGA",20,108
"711","WF1-BarseqF4","WR2-BarSeqRC15","AGATCTTGTCTTTTGAGAGA",20,297
"712","WF1-BarseqF4","WR2-BarSeqRC8","AGTGGCCAGCAGAGTCGCTC",20,97
"713","WF1-BarseqF4","WR2-BarSeqRC8","TCAACTGCAGTAAATGGGTT",20,54
"714","WF1-BarseqF4","WR3-BarSeqRC10","CGGCGCAAAGGCTATACCAC",20,75
"715","WF1-BarseqF4","WR3-BarSeqRC13","GAGGACGCCCTGCGTTCGCG",20,226
"716","WF1-BarseqF4","WR3-BarSeqRC14","GGTCGGTGAACACAGAACAA",20,78
"717","WF1-BarseqF4","WR3-BarSeqRC15","CCTTCGTTATCACGAAGTGC",20,119
"718","WF1-BarseqF4","WR3-BarSeqRC16","TAGGCGGGGTAGTGTGACGC",20,271
"719","WF1-BarseqF4","WR3-BarSeqRC17","TTTGGCATGATCCAGAGGTT",20,136
"720","WF1-BarseqF4","WR3-BarSeqRC2","TCTCTCGTATTACTAGTGAT",20,68
"721","WF1-BarseqF4","WR3-BarSeqRC7","GAGAGGTAAGGGGTGGGGTA",20,182
"722","WF1-BarseqF4","WR3-BarSeqRC8","CTGACGGGGCGTCCGGCACG",20,72
"723","WF1-BarseqF4","WR3-BarSeqRC9","GCCAGGTACTTACCCACTGT",20,113
"724","WF1-BarseqF4","WR3-BarSeqRC9","TGATGGTGAGAAGTGGTTGT",20,187
"725","WF1-BarseqF4","WR4-BarSeqRC15","AGGTTGACTTGTAGCGGAAT",20,94
"726","WF1-BarseqF4","WR5-BarSeqRC11","TGAATGTAGTGACTTTTTGA",20,198
"727","WF1-BarseqF4","WR5-BarSeqRC13","GGGTGCTGAGGTCGGTTTCG",20,255
"728","WF1-BarseqF4","WR5-BarSeqRC14","CCCCGCGTAACGAGGACATG",20,181
"729","WF1-BarseqF4","WR5-BarSeqRC14","GGCCGTGAGTGATGGGAGTG",20,118
"730","WF1-BarseqF4","WR5-BarSeqRC15","ACTGCATTCTTAGAGGCTGT",20,73
"731","WF1-BarseqF4","WR5-BarSeqRC15","CCGGAACAGGTAGCCGAGAG",20,161
"732","WF1-BarseqF4","WR5-BarSeqRC15","CTGCAATTCCAGGTTTAAGA",20,106
"733","WF1-BarseqF4","WR5-BarSeqRC2","GACGGGATTGGTGGCGGCGG",20,56
"734","WF1-BarseqF4","WR5-BarSeqRC9","ACGATTGATCCAGAGGGTTC",20,82
"735","WF1-BarseqF4","WR6-BarSeqRC15","CGGGACGATTAATGTCGACT",20,329
"736","WF1-BarseqF4","WR6-BarSeqRC15","TCCCTGGGCACGAGAGTCAC",20,173
"737","WF1-BarseqF5","WR1-BarSeqRC11","GCTTCTCTTACATGAGTGTG",20,66
"738","WF1-BarseqF5","WR1-BarSeqRC13","GCGTTAGAAACCGTACGTCC",20,338
"739","WF1-BarseqF5","WR1-BarSeqRC14","GTCATTTATGGCGAGGAATG",20,51
"740","WF1-BarseqF5","WR1-BarSeqRC15","CTTCTGAGACCCACTTTTAT",20,142
"741","WF1-BarseqF5","WR1-BarSeqRC16","GGGAATACGGGAGTTGGGGT",20,55
"742","WF1-BarseqF5","WR1-BarSeqRC16","TGTTATGTTTGGCTGTTCAA",20,190
"743","WF1-BarseqF5","WR2-BarSeqRC13","ATTCCAGGTTTTGTATGGCA",20,53
"744","WF1-BarseqF5","WR2-BarSeqRC14","AGAGACTAAGGGCATGGCTG",20,60
"745","WF1-BarseqF5","WR3-BarSeqRC12","GGGGGTGGGGCCAAGCCTGA",20,126
"746","WF1-BarseqF5","WR3-BarSeqRC14","AATGTCTATAGGAAACAGCC",20,97
"747","WF1-BarseqF5","WR3-BarSeqRC14","GACGTTGTCAAGGTGAACAG",20,191
"748","WF1-BarseqF5","WR3-BarSeqRC15","GATATGACTGACTTGCAAGA",20,233
"749","WF1-BarseqF5","WR3-BarSeqRC4","GGGCTGTAGTAAGTTGTGCC",20,64
"750","WF1-BarseqF5","WR3-BarSeqRC4","GTCAAGGGCTGCGTGTAATG",20,52
"751","WF1-BarseqF5","WR4-BarSeqRC12","TGTCCAGGGACAGGTATTCA",20,62
"752","WF1-BarseqF5","WR4-BarSeqRC13","ATCTTGGAGGTGGTCAGCGT",20,83
"753","WF1-BarseqF5","WR4-BarSeqRC14","TTCACCGGTGGTCGCGGATT",20,51
"754","WF1-BarseqF5","WR4-BarSeqRC5","GCGTTGTAGGGATCGCATCT",20,58
"755","WF1-BarseqF5","WR4-BarSeqRC6","AGGTAAGAGCAGACGTTGAC",20,51
"756","WF1-BarseqF5","WR5-BarSeqRC11","CCTTGAAGCGCCAAGCGCGG",20,76
"757","WF1-BarseqF5","WR5-BarSeqRC13","CTGGCTCGGCGCGTGGGGGC",20,74
"758","WF1-BarseqF5","WR5-BarSeqRC13","GCCAGGGACGGAGTCATGGT",20,155
"759","WF1-BarseqF5","WR5-BarSeqRC13","GCCGTTAGGGTACAAAGCAA",20,75
"760","WF1-BarseqF5","WR5-BarSeqRC13","GGGTATGAGAGTATTGGGTT",20,84
"761","WF1-BarseqF5","WR5-BarSeqRC13","TGGAAACTACTTAGTTATTT",20,56
"762","WF1-BarseqF5","WR5-BarSeqRC14","CGCAGCAGTGCATTGTTCTG",20,53
"763","WF1-BarseqF5","WR5-BarSeqRC15","AAAGCGGGTGTTGAAGGAGG",20,93
"764","WF1-BarseqF5","WR5-BarSeqRC15","CGTGCGTACGGGGCTGTATC",20,84
"765","WF1-BarseqF5","WR5-BarSeqRC15","CTAACTAGAACCGTGCAGTA",20,56
"766","WF1-BarseqF5","WR6-BarSeqRC11","AAGTCTGGCTTTGAAGGCGG",20,248
"767","WF1-BarseqF5","WR6-BarSeqRC11","ACGAGGCTAGATATGAAAGG",20,73
"768","WF1-BarseqF5","WR6-BarSeqRC13","AGCTGTTGCCCCTAGGTGGG",20,131
"769","WF1-BarseqF5","WR6-BarSeqRC13","GTGCACCGGAGACAGGGTCG",20,122
"770","WF1-BarseqF5","WR6-BarSeqRC13","TGGAGAGTATGACGGCATAA",20,59
"771","WF1-BarseqF5","WR6-BarSeqRC13","TGGGGGGTAGCGCTATGCGA",20,52
"772","WF1-BarseqF5","WR6-BarSeqRC14","GGTCGGTGCGCTTCGGGCTG",20,143
"773","WF1-BarseqF5","WR6-BarSeqRC14","TGATCGGTGCGTTGTTGTGA",20,334
"774","WF1-BarseqF5","WR6-BarSeqRC15","CCGTCGCTAGTGTGGCGTGG",20,334
"775","WF1-BarseqF5","WR6-BarSeqRC15","TCCTGCAGCAGAGTGGATGC",20,93
"776","WF1-BarseqF5","WR6-BarSeqRC15","TGGTGTCGGGACAAGGAACT",20,125
"777","WF1-BarseqF5","WR6-BarSeqRC16","ACGCACTCATTTTTTGTGAA",20,263
"778","WF1-BarseqF5","WR6-BarSeqRC16","ATTCAAAGTGGCACAATGAC",20,102
"779","WF1-BarseqF5","WR6-BarSeqRC16","TACCCCGATTGTCATTGACA",20,61
"780","WF1-BarseqF5","WR6-BarSeqRC7","GGCTCATTGGGTCTAGTGGA",20,170
"781","WF1-BarseqF6","WR1-BarSeqRC13","AGTGGGGGCGGACTTGGCAT",20,115
"782","WF1-BarseqF6","WR1-BarSeqRC13","GTGAGTCCCTCGTTCAAAGT",20,135
"783","WF1-BarseqF6","WR1-BarSeqRC14","GTGGGATGAGATTATATTTA",20,132
"784","WF1-BarseqF6","WR1-BarSeqRC15","AGGGTAGATGTTACGCCAGG",20,74
"785","WF1-BarseqF6","WR1-BarSeqRC15","GTTCGTGGAGACGGCCCCGC",20,94
"786","WF1-BarseqF6","WR1-BarSeqRC16","GCAGTATGTGGTGGGGTCGG",20,148
"787","WF1-BarseqF6","WR1-BarSeqRC8","AAATTCCGTGGTCGAATTGA",20,74
"788","WF1-BarseqF6","WR2-BarSeqRC15","ATGAGTGGCGACAAAATTCT",20,66
"789","WF1-BarseqF6","WR3-BarSeqRC10","TCAACTGGTCCTCCAATGCC",20,125
"790","WF1-BarseqF6","WR3-BarSeqRC12","CGGCTGGGGACCAGGTGGTC",20,165
"791","WF1-BarseqF6","WR3-BarSeqRC15","TAACATGGTTCCTTTTTTGT",20,167
"792","WF1-BarseqF6","WR3-BarSeqRC4","GGAGGGGAGCCTCAATGATT",20,167
"793","WF1-BarseqF6","WR3-BarSeqRC7","CTGTGATGTGTTTGAGTGTT",20,155
"794","WF1-BarseqF6","WR3-BarSeqRC9","GAAACTGGGGGCGGTCGTCT",20,225
"795","WF1-BarseqF6","WR4-BarSeqRC13","TAGGCATAACTATGTCACGT",20,53
"796","WF1-BarseqF6","WR4-BarSeqRC8","TATAGACGAAAATTGAGCTC",20,107
"797","WF1-BarseqF6","WR5-BarSeqRC1","GGGAAAATGCGGCTCACTTT",20,81
"798","WF1-BarseqF6","WR5-BarSeqRC10","GCGACCACGGTTTATTCCGG",20,56
"799","WF1-BarseqF6","WR5-BarSeqRC13","ATCAGATGGGGTGGGGGGTG",20,109
"800","WF1-BarseqF6","WR5-BarSeqRC13","CCGTGTTAGGGCTGGTGCGG",20,87
"801","WF1-BarseqF6","WR5-BarSeqRC13","GTGTGGAGAGCGCACGACCA",20,135
"802","WF1-BarseqF6","WR5-BarSeqRC15","CTGATGTTTTTCCGTGGGGT",20,52
"803","WF1-BarseqF6","WR5-BarSeqRC15","GGAACTATAGGACCTATGGT",20,159
"804","WF1-BarseqF6","WR5-BarSeqRC15","TTGTGGCGATAGGGCCGACT",20,273
"805","WF1-BarseqF6","WR5-BarSeqRC16","GGGTCTGTTCTGGTGATGAC",20,238
"806","WF1-BarseqF6","WR5-BarSeqRC16","TACAGCGGGCTGCACATTTT",20,104
"807","WF1-BarseqF6","WR5-BarSeqRC8","TGGGGTTGCAGTGTCAGGCG",20,57
"808","WF1-BarseqF6","WR6-BarSeqRC13","GGACTAGTTTTGCTAGGTCC",20,292
"809","WF1-BarseqF6","WR6-BarSeqRC14","GTACGTTTTTTCCGGTCAAC",20,433
"810","WF1-BarseqF6","WR6-BarSeqRC15","TACACAGGCAGGGTGCAGAG",20,97
"811","WF1-BarseqF6","WR6-BarSeqRC15","TAGCTGCAGGATGGAACTTT",20,297
"812","WF1-BarseqF6","WR6-BarSeqRC15","TGAATGGAGCCGGGATAAAA",20,81
"813","WF1-BarseqF6","WR6-BarSeqRC16","AACTACGTAGCGAGAAATGT",20,247
"814","WF1-BarseqF6","WR6-BarSeqRC16","TCGGTGGGGGGCGGGCTGGG",20,60
"815","WF1-BarseqF6","WR6-BarSeqRC3","AACTTGGCACTATTTGAGAG",20,123
"816","WF1-BarseqF6","WR6-BarSeqRC3","TACGATACCGTTTGGTGGGG",20,106
"817","WF1-BarseqF7","WR1-BarSeqRC11","GGTGTTGTATCATAGTTTGG",20,218
"818","WF1-BarseqF7","WR1-BarSeqRC13","CGCCCGGGTATATTGTAGCG",20,358
"819","WF1-BarseqF7","WR1-BarSeqRC14","GCGCATCACTACGGGCATGG",20,261
"820","WF1-BarseqF7","WR1-BarSeqRC15","GGCCAACACTAATGTATGTA",20,161
"821","WF1-BarseqF7","WR1-BarSeqRC16","GGGGCCTTGAAGTGACCTTG",20,101
"822","WF1-BarseqF7","WR1-BarSeqRC7","CTCCGAAGCTGACGGGTTTA",20,292
"823","WF1-BarseqF7","WR1-BarSeqRC8","AAAAGGGCCGGGAAGGGACG",20,281
"824","WF1-BarseqF7","WR2-BarSeqRC14","CCTTGAAGCGCCAAGCGCGG",20,59
"825","WF1-BarseqF7","WR2-BarSeqRC15","GCCGTTGGGGTTGGGGGGCT",20,86
"826","WF1-BarseqF7","WR3-BarSeqRC1","GCCGCGGTCTACGAGGGAGG",20,57
"827","WF1-BarseqF7","WR3-BarSeqRC12","GGTCTCTGGCCGCGGATATA",20,84
"828","WF1-BarseqF7","WR3-BarSeqRC7","ATGTTGTCGTTCAACTTGCA",20,57
"829","WF1-BarseqF7","WR3-BarSeqRC7","TCTCCGTAAAGTTTTCATGC",20,161
"830","WF1-BarseqF7","WR3-BarSeqRC8","AAGGCCAGCTAGGCAGGGAG",20,62
"831","WF1-BarseqF7","WR3-BarSeqRC8","CAGCTCCGACCACGCTCTGT",20,145
"832","WF1-BarseqF7","WR4-BarSeqRC12","CGGGGTTTTTAGGGTACTGG",20,83
"833","WF1-BarseqF7","WR4-BarSeqRC9","GGCCATAGAAACATTACGGG",20,56
"834","WF1-BarseqF7","WR5-BarSeqRC11","CCTTGAAGCGCCAAGCGCGG",20,63
"835","WF1-BarseqF7","WR5-BarSeqRC14","AGAACGAATATACAGGCATA",20,85
"836","WF1-BarseqF7","WR5-BarSeqRC14","GGCTACGTGAAAGAGAGGTG",20,91
"837","WF1-BarseqF7","WR5-BarSeqRC15","ATAAAAAAGCGTTTGTCGCA",20,61
"838","WF1-BarseqF7","WR5-BarSeqRC15","ATTGTAGGGTTTATCGTGGC",20,78
"839","WF1-BarseqF7","WR5-BarSeqRC15","TAGCGGAATCGCACCGCTGC",20,62
"840","WF1-BarseqF7","WR5-BarSeqRC15","TGGCTGCATCCACGGGGTGT",20,51
"841","WF1-BarseqF7","WR5-BarSeqRC16","GAGCAGTTTATCGACGTCAG",20,267
"842","WF1-BarseqF7","WR5-BarSeqRC3","CGGCTTTGGTGTGACTACGT",20,298
"843","WF1-BarseqF7","WR5-BarSeqRC8","AAAGAACGGTTTCATGGGTA",20,186
"844","WF1-BarseqF7","WR5-BarSeqRC8","TCAATCTGTGCGGTTGATGT",20,91
"845","WF1-BarseqF7","WR5-BarSeqRC8","TTCCTTCATTTGACGCTACT",20,90
"846","WF1-BarseqF7","WR5-BarSeqRC9","AGTGTTTGGCAAGATCCAAC",20,90
"847","WF1-BarseqF7","WR5-BarSeqRC9","TTGGGCAACCGTCTCGGCGT",20,76
"848","WF1-BarseqF7","WR6-BarSeqRC11","AATCGACATCAAGCAGACGG",20,170
"849","WF1-BarseqF7","WR6-BarSeqRC11","GGCTGTACTGGAAGGGCGGT",20,197
"850","WF1-BarseqF7","WR6-BarSeqRC13","AACCCGTAACGACTCTTATT",20,271
"851","WF1-BarseqF7","WR6-BarSeqRC14","CGGCCCTTTTGGGGAGGCCG",20,113
"852","WF1-BarseqF7","WR6-BarSeqRC14","GGGAGGTGGGGGGCGGTGGA",20,150
"853","WF1-BarseqF7","WR6-BarSeqRC14","TTATATGTAATGCGAATCTT",20,183
"854","WF1-BarseqF7","WR6-BarSeqRC15","ACCTGACCGAAGGCCTTGGA",20,263
"855","WF1-BarseqF7","WR6-BarSeqRC15","CCGTCGCTAGTGTGGCGTGG",20,365
"856","WF1-BarseqF7","WR6-BarSeqRC16","CGATCCGTGCTTTATGCTGG",20,179
"857","WF1-BarseqF7","WR6-BarSeqRC16","CTAGAGAGGGGTAACTTGTA",20,246
"858","WF1-BarseqF7","WR6-BarSeqRC7","GAAGGTCGAGTGGGAAAAAG",20,127
"859","WF1-BarseqF7","WR6-BarSeqRC7","GAGTGGTTTTAAGATGGGGA",20,72
"860","WF1-BarseqF7","WR6-BarSeqRC7","TACGCGCTTCATCGAGTGTG",20,277
"861","WF1-BarseqF7","WR6-BarSeqRC8","GTCTACATCCAGATGGATAT",20,58
"862","WF1-BarseqF7","WR6-BarSeqRC8","TGGGCTGTGGGCAAGATAGT",20,342
"863","WF1-BarseqF8","WR1-BarSeqRC10","ATGGCACGGGAAAGGGTGGG",20,60
"864","WF1-BarseqF8","WR1-BarSeqRC13","ATAAATCTGTGTCAGAACGT",20,181
"865","WF1-BarseqF8","WR1-BarSeqRC13","CGGTTCGGAGAGGTGAAGGG",20,249
"866","WF1-BarseqF8","WR1-BarSeqRC14","ATGGTGTATGTATCGATAAT",20,181
"867","WF1-BarseqF8","WR1-BarSeqRC15","AAGTACGAATACATTTTGGG",20,98
"868","WF1-BarseqF8","WR1-BarSeqRC15","CAGTCGGACGGGGCACGTAT",20,70
"869","WF1-BarseqF8","WR1-BarSeqRC15","GGGAGTTTTGGAGGAAGAGG",20,76
"870","WF1-BarseqF8","WR1-BarSeqRC16","GCTGCACGTATACAGCACGG",20,217
"871","WF1-BarseqF8","WR1-BarSeqRC4","AGCCACTCTGAGTTTAAAAC",20,202
"872","WF1-BarseqF8","WR1-BarSeqRC7","TTTGTGACCACTCAATCAGT",20,222
"873","WF1-BarseqF8","WR1-BarSeqRC9","GAGGATAGTAAAAGGAGAGG",20,127
"874","WF1-BarseqF8","WR2-BarSeqRC13","ATTCCAGGTTTTGTATGGCA",20,53
"875","WF1-BarseqF8","WR2-BarSeqRC14","CCTTGAAGCGCCAAGCGCGG",20,80
"876","WF1-BarseqF8","WR2-BarSeqRC15","ATGAGTGGCGACAAAATTCT",20,87
"877","WF1-BarseqF8","WR3-BarSeqRC1","GCTTACCGGGGGTGGTGCGG",20,233
"878","WF1-BarseqF8","WR3-BarSeqRC17","AGAGTTTTAGCTACTTGTCT",20,110
"879","WF1-BarseqF8","WR3-BarSeqRC17","TGAGCGTCGCGTGGGTCGAG",20,87
"880","WF1-BarseqF8","WR4-BarSeqRC13","GCGTTTTGCACTATGATGGA",20,56
"881","WF1-BarseqF8","WR4-BarSeqRC15","GGTATAATAATATTTTTGGT",20,124
"882","WF1-BarseqF8","WR4-BarSeqRC16","CACTGAGCGTGCAGGCGGAA",20,76
"883","WF1-BarseqF8","WR4-BarSeqRC3","TACTTGTTTGCGAAGCGTAT",20,73
"884","WF1-BarseqF8","WR5-BarSeqRC1","CCAAGGGACGTGCGTGGAGG",20,79
"885","WF1-BarseqF8","WR5-BarSeqRC13","AACCTCAATCGCCGGGGTGT",20,145
"886","WF1-BarseqF8","WR5-BarSeqRC13","CGTTTTAAGCCCGGCGTAGT",20,64
"887","WF1-BarseqF8","WR5-BarSeqRC14","CGATGAGATGAGATCTTTTG",20,71
"888","WF1-BarseqF8","WR5-BarSeqRC14","TGGGAGAAAGGCCACGATGG",20,62
"889","WF1-BarseqF8","WR5-BarSeqRC15","ATGCCACAGGATTGATAATT",20,179
"890","WF1-BarseqF8","WR5-BarSeqRC15","GGCCGTGAGTGATGGGAGTG",20,72
"891","WF1-BarseqF8","WR5-BarSeqRC16","CAGCCAACCGTTATGCTGGA",20,187
"892","WF1-BarseqF8","WR6-BarSeqRC13","CGCCTAATTAACTTATCGTA",20,83
"893","WF1-BarseqF8","WR6-BarSeqRC13","GTCTGTTATGAGGTAAAAGG",20,84
"894","WF1-BarseqF8","WR6-BarSeqRC13","TCAGGTATGGGCGGCTTCCC",20,173
"895","WF1-BarseqF8","WR6-BarSeqRC14","GGAAACGATCGGATCAGGGG",20,321
"896","WF1-BarseqF8","WR6-BarSeqRC15","AACTACGTAGCGAGAAATGT",20,249
"897","WF1-BarseqF8","WR6-BarSeqRC15","TCGGTGGGGGGCGGGCTGGG",20,137
"898","WF1-BarseqF8","WR6-BarSeqRC16","ACGGAGCGGAGCAGCATAAG",20,174
"899","WF1-BarseqF8","WR6-BarSeqRC16","TGGCATTTCGGTGCCAGTGT",20,176
"900","WF1-BarseqF8","WR6-BarSeqRC4","GGGCGGCGGCGGGGGGGGGC",20,52
"901","WF1-BarseqF8","WR6-BarSeqRC7","TCGGTGGACTGCACAGGGGG",20,220
"902","WF1-BarseqF8","WR6-BarSeqRC8","GATGTTGTGTGCGCGGGGGG",20,69
"903","WF1-BarseqF8","WR6-BarSeqRC8","TTATGGTGAGGTTGGTGAAG",20,158
"904","WF1-BarseqF9","WR1-BarSeqRC13","CTGGTTAGTAACTGGACGCG",20,281
"905","WF1-BarseqF9","WR1-BarSeqRC14","CGTGAATTGTAGTAAACAGG",20,108
"906","WF1-BarseqF9","WR1-BarSeqRC7","AAGACATTCGAATTTTTGGG",20,134
"907","WF1-BarseqF9","WR2-BarSeqRC14","AAGTGGGGGATGGCGGGTGT",20,54
"908","WF1-BarseqF9","WR2-BarSeqRC15","CTTTATGGTCGCTAAAAAAA",20,186
"909","WF1-BarseqF9","WR3-BarSeqRC1","GGGTCGGACACCCCGAGAGG",20,81
"910","WF1-BarseqF9","WR3-BarSeqRC11","ACAAAATCCGTGAAGTCTTG",20,81
"911","WF1-BarseqF9","WR3-BarSeqRC12","ACGAAGGTCTCGCCTGTGCG",20,85
"912","WF1-BarseqF9","WR3-BarSeqRC12","GGGCGGATTTGAGTGGTACC",20,75
"913","WF1-BarseqF9","WR3-BarSeqRC13","GGCCACATGCGTGATTGGAG",20,72
"914","WF1-BarseqF9","WR3-BarSeqRC14","TCCCTGTGTATTCTAAGCAT",20,93
"915","WF1-BarseqF9","WR3-BarSeqRC15","CCCTAGGTATGTATTTTCGA",20,51
"916","WF1-BarseqF9","WR3-BarSeqRC16","GGGCTCCGTAAATGGCTCGT",20,184
"917","WF1-BarseqF9","WR3-BarSeqRC17","TACGGTGTAGGGCGATGTGT",20,122
"918","WF1-BarseqF9","WR5-BarSeqRC11","AGCGCTCTTTGTCAGGGGAA",20,77
"919","WF1-BarseqF9","WR5-BarSeqRC13","ATCAGTTCCTCTGGTATCAT",20,176
"920","WF1-BarseqF9","WR6-BarSeqRC1","CTTAGTAACGCGAATGGTTT",20,71
"921","WF1-BarseqF9","WR6-BarSeqRC10","CTCCCAATCGTTGTCGGGGA",20,131
"922","WF1-BarseqF9","WR6-BarSeqRC11","ACTCAGTACAGTTAGACGAG",20,330
"923","WF1-BarseqF9","WR6-BarSeqRC12","GGGTTGGGGTCAACAGGGCG",20,195
"924","WF1-BarseqF9","WR6-BarSeqRC13","AGCGGTGTGCTTCGGGGGCA",20,155
"925","WF1-BarseqF9","WR6-BarSeqRC2","GGTATATCGGCGGCTCGGCC",20,126
"926","WF1-BarseqF9","WR6-BarSeqRC3","CAATTCCGGTTACAGTGCAC",20,189
"927","WF1-BarseqF9","WR6-BarSeqRC3","CTGGGCGAGGGGGGGGGTGG",20,59
"928","WF1-BarseqF9","WR6-BarSeqRC4","ATTGCTGAGGCACGCGGGGA",20,147
"929","WF1-BarseqF9","WR6-BarSeqRC9","TGAAATAATACCCGGTGGCA",20,57
"930","WF1-BarseqF9","WR6-BarSeqRC9","TGGGGGGGGAGGGTGAGGCT",20,173
"931","WF2-BarseqF10","WR1-BarSeqRC15","GCTTAAACTGTTCTCGGTTC",20,58
"932","WF2-BarseqF10","WR1-BarSeqRC6","GCGAGTGGTAGGCTTCGGGT",20,63
"933","WF2-BarseqF10","WR1-BarSeqRC8","TAATGCCTTATATGACTGCT",20,85
"934","WF2-BarseqF10","WR2-BarSeqRC2","CGTAAGCACCCGTTGGGCAA",20,229
"935","WF2-BarseqF10","WR2-BarSeqRC3","CGGTGTTACGGGGCGAGGAA",20,190
"936","WF2-BarseqF10","WR2-BarSeqRC3","GTGTACTAAATTAAGGGGGC",20,61
"937","WF2-BarseqF10","WR3-BarSeqRC9","GGAACGATGGACCGCCTTGG",20,68
"938","WF2-BarseqF10","WR4-BarSeqRC8","ACGTTTTTGGTTGGCCCTCT",20,93
"939","WF2-BarseqF10","WR5-BarSeqRC8","TTCCCTAACTCAGACTCAGC",20,59
"940","WF2-BarseqF10","WR6-BarSeqRC6","TCTTCTAAAGATAGATAGTT",20,56
"941","WF2-BarseqF10","WR6-BarSeqRC8","CCGAAGCTTGTCCCGCCATG",20,141
"942","WF2-BarseqF11","WR1-BarSeqRC11","TTGGGAGTGATTCAGACCCC",20,83
"943","WF2-BarseqF11","WR1-BarSeqRC13","GAATGTAATAGAATTCAGGT",20,66
"944","WF2-BarseqF11","WR1-BarSeqRC15","ATATGCTAATCGTCGGGAAC",20,56
"945","WF2-BarseqF11","WR1-BarSeqRC16","TCGAAATTTCTCGTCTTAGG",20,91
"946","WF2-BarseqF11","WR1-BarSeqRC2","GTTCGTTGCTTGGATAGTGC",20,62
"947","WF2-BarseqF11","WR1-BarSeqRC7","CGAGGGGGCGAGTGGTTCTG",20,63
"948","WF2-BarseqF11","WR1-BarSeqRC8","TGAGTAAGGACAACAATTGC",20,86
"949","WF2-BarseqF11","WR2-BarSeqRC11","GACGGCGAGGCTCGCCGGAT",20,469
"950","WF2-BarseqF11","WR2-BarSeqRC13","ACGCATTTGGCGATGTTACG",20,255
"951","WF2-BarseqF11","WR2-BarSeqRC2","GAATTAGTGAGCTCTATTGG",20,100
"952","WF2-BarseqF11","WR2-BarSeqRC2","GTAGACCCGCTATCGTACGT",20,160
"953","WF2-BarseqF11","WR3-BarSeqRC12","TGTTCACGCAGATTTACATA",20,64
"954","WF2-BarseqF11","WR3-BarSeqRC5","CGTAGTTCGATGTTCCATGT",20,85
"955","WF2-BarseqF11","WR3-BarSeqRC7","CTTCCCTTACTGGCGAGGAT",20,108
"956","WF2-BarseqF11","WR3-BarSeqRC9","GATGTGGATGGCAGGATACG",20,80
"957","WF2-BarseqF11","WR4-BarSeqRC11","GCTATGATCCAGTGCGAATG",20,54
"958","WF2-BarseqF11","WR4-BarSeqRC16","GTCCGTTTGTGAGCATTATG",20,159
"959","WF2-BarseqF11","WR4-BarSeqRC6","GTATAGTGCGGAGGTGATTC",20,228
"960","WF2-BarseqF11","WR4-BarSeqRC8","AGAGATAGCGGTCCGGTTAA",20,210
"961","WF2-BarseqF11","WR5-BarSeqRC13","ATTCAGGTCAGTCTATAGCG",20,70
"962","WF2-BarseqF11","WR5-BarSeqRC15","TAGGTGTGAGAAGGAGGACG",20,86
"963","WF2-BarseqF11","WR5-BarSeqRC16","CAGACTCGGGCGGCTAATCT",20,82
"964","WF2-BarseqF11","WR5-BarSeqRC16","GTGGAGCTTAGGTGTTCTCA",20,107
"965","WF2-BarseqF11","WR5-BarSeqRC2","AACCAGTATACCAGGTTATT",20,60
"966","WF2-BarseqF11","WR5-BarSeqRC4","TCTGTGGTTGACTATATTAG",20,76
"967","WF2-BarseqF11","WR5-BarSeqRC5","ATGGCCAGGTCTCTGAATCG",20,59
"968","WF2-BarseqF11","WR6-BarSeqRC1","GTGGCGGATCGCGGAGCGGG",20,82
"969","WF2-BarseqF11","WR6-BarSeqRC11","TCCAGTTGCCGTGAGCCTAG",20,115
"970","WF2-BarseqF11","WR6-BarSeqRC15","GGGAAAGCACGGAAGGGAGA",20,89
"971","WF2-BarseqF11","WR6-BarSeqRC16","GCAAGGTATGGGAGGGTTGG",20,130
"972","WF2-BarseqF11","WR6-BarSeqRC2","GCAGGAGGGTGCATGGCGCG",20,50
"973","WF2-BarseqF11","WR6-BarSeqRC6","ATTCTTCGCGTCTACGCCGA",20,132
"974","WF2-BarseqF11","WR6-BarSeqRC8","GGGGACAAGGTTCTGGGTAC",20,73
"975","WF2-BarseqF12","WR1-BarSeqRC10","CTGTTTAAGGGTGGTAGAAT",20,54
"976","WF2-BarseqF12","WR1-BarSeqRC11","AGTGCGGTTAGGATAGTACA",20,79
"977","WF2-BarseqF12","WR1-BarSeqRC3","CAGAGGTCAATCTTCTAGTG",20,53
"978","WF2-BarseqF12","WR2-BarSeqRC2","GGTCTGCGCCGCGTATCCTC",20,98
"979","WF2-BarseqF12","WR2-BarSeqRC2","TACCGACAGGGGGACTGCGG",20,97
"980","WF2-BarseqF12","WR3-BarSeqRC1","GTGGCTACGCGTGCGAGTGT",20,93
"981","WF2-BarseqF12","WR3-BarSeqRC1","TAAGTCGGGGGTGATGCTAA",20,277
"982","WF2-BarseqF12","WR3-BarSeqRC12","CTAGTGTTCTCGACTGACTT",20,57
"983","WF2-BarseqF12","WR3-BarSeqRC9","AGGAGACGGTGGGGTGGAAG",20,53
"984","WF2-BarseqF12","WR4-BarSeqRC10","GCCGGGCTGGTTGGCTAGGG",20,52
"985","WF2-BarseqF12","WR4-BarSeqRC15","GAAAATTCTGAGCTCAGGGG",20,60
"986","WF2-BarseqF12","WR4-BarSeqRC8","GACTCGTATTAGAAGTCGAT",20,174
"987","WF2-BarseqF12","WR5-BarSeqRC11","ACGGTGCGTGGCAAGAGGGG",20,221
"988","WF2-BarseqF12","WR5-BarSeqRC12","TCCACGGTGCCAGGAGAGAG",20,88
"989","WF2-BarseqF12","WR5-BarSeqRC16","GGAGGGCGTACAGGATCCGG",20,64
"990","WF2-BarseqF12","WR5-BarSeqRC2","TTGGCCTTATGGCGGCTATA",20,92
"991","WF2-BarseqF12","WR5-BarSeqRC3","CGACAAGGGCAAGGCGTTTT",20,137
"992","WF2-BarseqF12","WR5-BarSeqRC4","CAAAAAAGGTAGGAGCGATG",20,152
"993","WF2-BarseqF12","WR5-BarSeqRC6","TTTCAAGGGTCTGAATGTGG",20,141
"994","WF2-BarseqF12","WR5-BarSeqRC8","GGTTTGGAAGGAGCGCACAT",20,145
"995","WF2-BarseqF12","WR6-BarSeqRC1","CGGTATAGACGAGTGCCAGT",20,59
"996","WF2-BarseqF12","WR6-BarSeqRC11","AGAGGGGGATGACGATGCGG",20,74
"997","WF2-BarseqF12","WR6-BarSeqRC12","GCCTCTAAACCGGGGACCTA",20,53
"998","WF2-BarseqF12","WR6-BarSeqRC16","AGCAACATATAGTGGCTTTA",20,52
"999","WF2-BarseqF12","WR6-BarSeqRC3","CAGAGGTCAATCTTCTAGTG",20,95
"1000","WF2-BarseqF12","WR6-BarSeqRC8","GAACTACCTGCGCGTCGGCG",20,97
"1001","WF2-BarseqF13","WR1-BarSeqRC12","GCCTTAGGCGGAGCGTATTT",20,120
"1002","WF2-BarseqF13","WR1-BarSeqRC14","CTGCGAGAATCCGGGGCAAG",20,61
"1003","WF2-BarseqF13","WR1-BarSeqRC14","CTGTTTTGGGGTGTGGTCAG",20,51
"1004","WF2-BarseqF13","WR1-BarSeqRC3","GCACGTGTGTATCGGTCATC",20,70
"1005","WF2-BarseqF13","WR1-BarSeqRC4","CGATTGTTGACATATCAGGT",20,78
"1006","WF2-BarseqF13","WR1-BarSeqRC8","TTAACGCACAAGTCAGGGCG",20,73
"1007","WF2-BarseqF13","WR1-BarSeqRC9","TACAGCGCCGGTGGTGGAGC",20,52
"1008","WF2-BarseqF13","WR2-BarSeqRC14","AAGGTCTTTATATTGTCCCA",20,126
"1009","WF2-BarseqF13","WR2-BarSeqRC14","CGGCAGTTTGAGTAAATTCA",20,132
"1010","WF2-BarseqF13","WR2-BarSeqRC14","TCGCCTCTTCGAGTAGCAGA",20,105
"1011","WF2-BarseqF13","WR2-BarSeqRC15","CGATGAATTTATGTACGATT",20,199
"1012","WF2-BarseqF13","WR2-BarSeqRC4","GGAATCCCATCAGGGGTAGA",20,106
"1013","WF2-BarseqF13","WR2-BarSeqRC8","GTGTGGGTCGTTGGCGTCTA",20,55
"1014","WF2-BarseqF13","WR2-BarSeqRC8","TGGGGGTACAGCGCGGCTAA",20,55
"1015","WF2-BarseqF13","WR3-BarSeqRC15","CGCCGCGGCGGCCCATGAGG",20,50
"1016","WF2-BarseqF13","WR3-BarSeqRC3","TGTTTCTGGAAGCACGGCGC",20,64
"1017","WF2-BarseqF13","WR3-BarSeqRC4","CCAAGAATGCGGACAGATGC",20,53
"1018","WF2-BarseqF13","WR3-BarSeqRC5","GGAACTCAAATGCTTCGGGA",20,90
"1019","WF2-BarseqF13","WR4-BarSeqRC1","TAAGTCGGGGGTGATGCTAA",20,151
"1020","WF2-BarseqF13","WR4-BarSeqRC15","GGTCTGCGCCGCGTATCCTC",20,163
"1021","WF2-BarseqF13","WR4-BarSeqRC8","GGCGAGCATGGTGGGGTTTG",20,514
"1022","WF2-BarseqF13","WR5-BarSeqRC10","GGACCCTACGCTAAGTTTGG",20,107
"1023","WF2-BarseqF13","WR5-BarSeqRC10","TTACCGCACGGATGAGAGCC",20,63
"1024","WF2-BarseqF13","WR5-BarSeqRC11","AACCGTCTCTTCCTAATGTT",20,197
"1025","WF2-BarseqF13","WR5-BarSeqRC12","TACATAGTCAAGTTGCCGAA",20,199
"1026","WF2-BarseqF13","WR5-BarSeqRC14","GTGGCGTAGGGGGGCGTGGC",20,114
"1027","WF2-BarseqF13","WR5-BarSeqRC15","CGCCGTTGAGGTGGGGGGTA",20,128
"1028","WF2-BarseqF13","WR5-BarSeqRC15","GCTGATCGTGCGCCAACCAG",20,134
"1029","WF2-BarseqF13","WR5-BarSeqRC2","GGTTGCCCGTGAGTGCGGGC",20,156
"1030","WF2-BarseqF13","WR5-BarSeqRC3","AATTAATCGGGGCCCCCGGG",20,64
"1031","WF2-BarseqF13","WR5-BarSeqRC3","ACTTCCTGTCAAGCCCGACC",20,50
"1032","WF2-BarseqF13","WR5-BarSeqRC4","GCTTGGCCGCGGTCCGGGGA",20,68
"1033","WF2-BarseqF13","WR5-BarSeqRC4","TCTTGTACGGGATTGAGCCG",20,136
"1034","WF2-BarseqF13","WR5-BarSeqRC8","TGGTGGCGAGGCATGTCAGA",20,62
"1035","WF2-BarseqF13","WR5-BarSeqRC8","TTTGGGGGGTCGCACAGAGG",20,74
"1036","WF2-BarseqF13","WR5-BarSeqRC9","AGGCTGGTGCCATGACATCT",20,70
"1037","WF2-BarseqF13","WR6-BarSeqRC1","CGCATTTTCAAGTTTTTGAC",20,70
"1038","WF2-BarseqF13","WR6-BarSeqRC10","ACGTATTGACTTACAAGGGG",20,123
"1039","WF2-BarseqF13","WR6-BarSeqRC11","TTACCTGCCGGATATTGGGG",20,97
"1040","WF2-BarseqF13","WR6-BarSeqRC3","TTGTAGTGCGCACAAAGCAA",20,107
"1041","WF2-BarseqF13","WR6-BarSeqRC4","ATACCTTGAGGGGGTCGCAG",20,72
"1042","WF2-BarseqF13","WR6-BarSeqRC8","TTAACGCACAAGTCAGGGCG",20,156
"1043","WF2-BarseqF14","WR1-BarSeqRC11","CTCATTCTAGGTTAGGGAAG",20,64
"1044","WF2-BarseqF14","WR1-BarSeqRC15","AACCAGTATACCAGGTTATT",20,50
"1045","WF2-BarseqF14","WR1-BarSeqRC4","GCGTCGTCCCACACGGGCAC",20,120
"1046","WF2-BarseqF14","WR1-BarSeqRC6","TGTTACGGTGATAGCAAGTC",20,50
"1047","WF2-BarseqF14","WR2-BarSeqRC10","CGTCTCCAACTGCAGGGGAT",20,50
"1048","WF2-BarseqF14","WR2-BarSeqRC10","GAGGGGGCCCGGACTTGGGG",20,201
"1049","WF2-BarseqF14","WR2-BarSeqRC14","AATTGCGAAAATCAGTAAGC",20,98
"1050","WF2-BarseqF14","WR2-BarSeqRC15","GTGTGGCAGTCTTGGCTTCG",20,172
"1051","WF2-BarseqF14","WR2-BarSeqRC15","TGACTGACGTATGGATTATC",20,63
"1052","WF2-BarseqF14","WR2-BarSeqRC2","CAGGTTTCTACGGGTCCTCA",20,76
"1053","WF2-BarseqF14","WR2-BarSeqRC2","CGTGATCGGGCGCGTCCGGC",20,61
"1054","WF2-BarseqF14","WR2-BarSeqRC2","TAGGTGTGAGAAGGAGGACG",20,66
"1055","WF2-BarseqF14","WR2-BarSeqRC3","ATGTTAAGTGGATGGACTGG",20,171
"1056","WF2-BarseqF14","WR2-BarSeqRC6","GTCCCGTCATGAAACCCACC",20,136
"1057","WF2-BarseqF14","WR2-BarSeqRC7","GTAGTGCGACAGCTTTAGCC",20,56
"1058","WF2-BarseqF14","WR2-BarSeqRC8","ATCCGGCTAACCAAAGGATC",20,321
"1059","WF2-BarseqF14","WR4-BarSeqRC14","CGGTTCCGGTTAGAGGGCAT",20,84
"1060","WF2-BarseqF14","WR4-BarSeqRC15","GAATTAGTGAGCTCTATTGG",20,70
"1061","WF2-BarseqF14","WR4-BarSeqRC3","AGCGGTAGCGGTTGTAGATG",20,52
"1062","WF2-BarseqF14","WR4-BarSeqRC6","GACGGCGAGGCTCGCCGGAT",20,92
"1063","WF2-BarseqF14","WR4-BarSeqRC8","GGGACGCGGACGCGAGCCAG",20,84
"1064","WF2-BarseqF14","WR5-BarSeqRC10","GGGGGCCGTGGGCCACGTCC",20,104
"1065","WF2-BarseqF14","WR5-BarSeqRC12","TGTATTTCATTTGTGATGGC",20,82
"1066","WF2-BarseqF14","WR5-BarSeqRC14","GTCTTGCATCAGTTACGTTA",20,69
"1067","WF2-BarseqF14","WR5-BarSeqRC9","GTGGCACTCGGTATTCTGGT",20,152
"1068","WF2-BarseqF14","WR6-BarSeqRC11","GCCGTCCGACACATTTTAGT",20,167
"1069","WF2-BarseqF14","WR6-BarSeqRC14","CCTCATCAATAACATCGCCC",20,52
"1070","WF2-BarseqF14","WR6-BarSeqRC15","CAATAACTAGGCTCGCAGCT",20,54
"1071","WF2-BarseqF15","WR1-BarSeqRC1","CGTTGGCGGTAGGATTGTTG",20,51
"1072","WF2-BarseqF15","WR1-BarSeqRC10","CCCTAGTCCGGGCGGTTACG",20,53
"1073","WF2-BarseqF15","WR1-BarSeqRC11","AGTGTTTAGTGGTGCTGTGC",20,65
"1074","WF2-BarseqF15","WR2-BarSeqRC14","TCGGGGGGCTCGCGCGGCGC",20,60
"1075","WF2-BarseqF15","WR4-BarSeqRC10","ATCATTGAGTGGAGTACGTC",20,77
"1076","WF2-BarseqF15","WR4-BarSeqRC11","GCGCGAAGAGGGCTAGGCGC",20,135
"1077","WF2-BarseqF15","WR4-BarSeqRC3","GGGAAGGCCCGGGCCGTCGT",20,50
"1078","WF2-BarseqF15","WR4-BarSeqRC8","CATTACCGTTTAGCTGTTTA",20,302
"1079","WF2-BarseqF15","WR5-BarSeqRC11","CGTAGGGGGGGGCCTAACGC",20,77
"1080","WF2-BarseqF15","WR5-BarSeqRC11","GCGAGTGGTAGGCTTCGGGT",20,70
"1081","WF2-BarseqF15","WR5-BarSeqRC11","TCTTCTAAAGATAGATAGTT",20,63
"1082","WF2-BarseqF15","WR5-BarSeqRC2","ACCCTCCTGTGTTTGATGAG",20,67
"1083","WF2-BarseqF15","WR5-BarSeqRC2","GCTTAAACTGTTCTCGGTTC",20,53
"1084","WF2-BarseqF15","WR5-BarSeqRC2","TTCCTGGGATCTGAATGGAG",20,62
"1085","WF2-BarseqF15","WR6-BarSeqRC11","AGAACGGAATCAGGGCAGAG",20,75
"1086","WF2-BarseqF15","WR6-BarSeqRC2","TGCCTTGATGCTCTAAGCCG",20,50
"1087","WF2-BarseqF15","WR6-BarSeqRC3","TAGCATGTCGGAGAGATGCT",20,74
"1088","WF2-BarseqF15","WR6-BarSeqRC8","TCAAGCTCGCGATGGCGGTC",20,72
"1089","WF2-BarseqF16","WR1-BarSeqRC6","TGTTACGGTGATAGCAAGTC",20,117
"1090","WF2-BarseqF16","WR1-BarSeqRC8","GCTTCAGCATCGGGGAACTA",20,101
"1091","WF2-BarseqF16","WR3-BarSeqRC12","AAAAGACGTTATACCGTGCG",20,55
"1092","WF2-BarseqF16","WR3-BarSeqRC9","ATCTAGTGGGATAGTCGTCG",20,80
"1093","WF2-BarseqF16","WR4-BarSeqRC1","CGTTGCTAGACCTGATATTT",20,63
"1094","WF2-BarseqF16","WR4-BarSeqRC2","GATGGGTCGGTGGCGGGGAG",20,118
"1095","WF2-BarseqF16","WR4-BarSeqRC6","CAAACGGTCTATGATCAAGC",20,67
"1096","WF2-BarseqF16","WR4-BarSeqRC8","CTGGGGACCTGACCCCTGTT",20,67
"1097","WF2-BarseqF16","WR5-BarSeqRC11","GGAGCCTACGTGGGCGCCCG",20,148
"1098","WF2-BarseqF16","WR5-BarSeqRC8","CTGGGGACCTGACCCCTGTT",20,58
"1099","WF2-BarseqF16","WR5-BarSeqRC9","TTACGCCCTTATGACGTACT",20,60
"1100","WF2-BarseqF16","WR6-BarSeqRC16","AGTGTAGTAGAGTGCCCTGG",20,65
"1101","WF2-BarseqF16","WR6-BarSeqRC2","CGTTGGGACGGGAACGGGGT",20,114
"1102","WF2-BarseqF16","WR6-BarSeqRC8","TGGCTGGTCTAAAGCATTAT",20,120
"1103","WF2-BarseqF17","WR1-BarSeqRC14","GGGGGCGCTGAACGAGGCAG",20,94
"1104","WF2-BarseqF17","WR1-BarSeqRC15","GCTGGGTGTGGAGCGCTGCG",20,56
"1105","WF2-BarseqF17","WR1-BarSeqRC16","TACATGACCCAGGGCCGACG",20,66
"1106","WF2-BarseqF17","WR1-BarSeqRC8","GTGTTATGTGATTTGGCGAA",20,110
"1107","WF2-BarseqF17","WR2-BarSeqRC14","CCATGGGGGTCAGTAGAAGG",20,207
"1108","WF2-BarseqF17","WR3-BarSeqRC9","CGCATGCTGTATCGCCTCGA",20,206
"1109","WF2-BarseqF17","WR6-BarSeqRC14","TGTCGTGGGACTAATAACAG",20,69
"1110","WF2-BarseqF17","WR6-BarSeqRC15","GTTCAACTGGCTGAAGGGTG",20,58
"1111","WF2-BarseqF17","WR6-BarSeqRC16","AACAGTCGTTGAAAGTGGGG",20,57
"1112","WF2-BarseqF17","WR6-BarSeqRC8","ATCGTTTACATGTGCATTGT",20,60
"1113","WF2-BarseqF18","WR1-BarSeqRC15","GCTTCCACGCAGACTTTCAC",20,52
"1114","WF2-BarseqF18","WR1-BarSeqRC6","ACTTCTATTCTATCTGTAAC",20,133
"1115","WF2-BarseqF18","WR1-BarSeqRC7","ATGCGTGTTTGTCGTTGGAA",20,66
"1116","WF2-BarseqF18","WR2-BarSeqRC10","TGATTGACTTGTACTTCATG",20,102
"1117","WF2-BarseqF18","WR2-BarSeqRC2","TGAAAGCGCCAGTGTGGTAG",20,67
"1118","WF2-BarseqF18","WR2-BarSeqRC5","ACGCGGTGTACGGCACAAAG",20,279
"1119","WF2-BarseqF18","WR4-BarSeqRC14","GAGCGTAGTATGGCCCTCCC",20,75
"1120","WF2-BarseqF18","WR4-BarSeqRC15","GAAGGCACCGGCAGACTTGT",20,65
"1121","WF2-BarseqF18","WR4-BarSeqRC6","CGTCTCCAACTGCAGGGGAT",20,87
"1122","WF2-BarseqF18","WR5-BarSeqRC16","GGTGGGGTTGAGGTTCGGGG",20,61
"1123","WF2-BarseqF18","WR5-BarSeqRC8","GTCAGGGGTGCGAAGGGGTC",20,53
"1124","WF2-BarseqF18","WR6-BarSeqRC16","TAGATGGGATGCGGTATGAG",20,72
"1125","WF2-BarseqF18","WR6-BarSeqRC6","TATACGTTATTTGGGTCTTT",20,92
"1126","WF2-BarseqF18","WR6-BarSeqRC7","GCGAAGGGTCGGTGCAAAGA",20,55
"1127","WF2-BarseqF18","WR6-BarSeqRC8","TCAGGGGTATCGGTTAGTCA",20,165
"1128","WF2-BarseqF18","WR6-BarSeqRC9","GGCGCTCTTCTATAAATATC",20,54
"1129","WF2-BarseqF19","WR1-BarSeqRC1","GTAATTGTACAGATTTTAGC",20,83
"1130","WF2-BarseqF19","WR1-BarSeqRC11","CTCATTCTAGGTTAGGGAAG",20,73
"1131","WF2-BarseqF19","WR1-BarSeqRC14","GGAAGCGTTAGGAAACTGCT",20,51
"1132","WF2-BarseqF19","WR1-BarSeqRC16","GCATCACATTGATGAGACCG",20,84
"1133","WF2-BarseqF19","WR1-BarSeqRC6","AGGTTTTCAAATTGGACGAT",20,91
"1134","WF2-BarseqF19","WR1-BarSeqRC8","AGAGAACAGTTTCTAGGGCA",20,77
"1135","WF2-BarseqF19","WR2-BarSeqRC10","CCGCACGTTAGGGCCACGAT",20,56
"1136","WF2-BarseqF19","WR2-BarSeqRC10","GCAGGTAGTGTCTTCCGAAT",20,153
"1137","WF2-BarseqF19","WR2-BarSeqRC11","CTCATTCTAGGTTAGGGAAG",20,155
"1138","WF2-BarseqF19","WR2-BarSeqRC11","GTTTCGATGTCAATACCTAA",20,716
"1139","WF2-BarseqF19","WR2-BarSeqRC15","CCCTGAGGGGAGGGGGGGGA",20,71
"1140","WF2-BarseqF19","WR2-BarSeqRC3","CCGCCGCTGTTGAAAGATTT",20,90
"1141","WF2-BarseqF19","WR2-BarSeqRC3","CGATCCTTCGTCGCGCTTGC",20,88
"1142","WF2-BarseqF19","WR3-BarSeqRC17","GCCGCACAGTATTGTATGGT",20,85
"1143","WF2-BarseqF19","WR3-BarSeqRC9","TGCTGGGCGTCGCAGGGTCT",20,82
"1144","WF2-BarseqF19","WR4-BarSeqRC11","TGCCGGGCTCGCGGGGCAAC",20,67
"1145","WF2-BarseqF19","WR4-BarSeqRC3","TACTCTAGGGACGCCGTCCG",20,60
"1146","WF2-BarseqF19","WR4-BarSeqRC6","GCCGGTTAACTCCATTTGGC",20,153
"1147","WF2-BarseqF19","WR4-BarSeqRC8","GGTCGTACATTGGTACTTAC",20,224
"1148","WF2-BarseqF19","WR4-BarSeqRC8","TAGGGCTGGTTCGTGAGTGG",20,57
"1149","WF2-BarseqF19","WR5-BarSeqRC13","AGTGAACTGGGATGCGCGTC",20,52
"1150","WF2-BarseqF19","WR5-BarSeqRC13","GAGTTATAGTAGGTCATCTG",20,72
"1151","WF2-BarseqF19","WR5-BarSeqRC14","GTCCATGGGGTCCACTGTGT",20,65
"1152","WF2-BarseqF19","WR5-BarSeqRC16","GAGAGTAGTGATGTTATGTT",20,240
"1153","WF2-BarseqF19","WR5-BarSeqRC4","GGGGCCTGGTTGTCAAGCAC",20,55
"1154","WF2-BarseqF19","WR5-BarSeqRC6","CAGCAGGTGGGGTGAGCCAC",20,292
"1155","WF2-BarseqF19","WR5-BarSeqRC8","GGCGTGGCCTAAGCGGTGGT",20,149
"1156","WF2-BarseqF19","WR6-BarSeqRC11","GGCGTCGGGTGGGGAGGTCT",20,93
"1157","WF2-BarseqF19","WR6-BarSeqRC13","GACTACTATTTTCAAACTCT",20,51
"1158","WF2-BarseqF19","WR6-BarSeqRC15","ACCACTGTGGTCTATACGGG",20,89
"1159","WF2-BarseqF19","WR6-BarSeqRC6","AAGATGGGCACGGTGGTTTG",20,54
"1160","WF2-BarseqF19","WR6-BarSeqRC8","AGAGAACAGTTTCTAGGGCA",20,130
"1161","WF2-BarseqF2","WR1-BarSeqRC16","AACAGGGGTGGTCCTTCATC",20,82
"1162","WF2-BarseqF2","WR1-BarSeqRC3","TGTGCACTAAATATTCTGTA",20,113
"1163","WF2-BarseqF2","WR1-BarSeqRC7","GCGTGTCGTCGACGACATTA",20,52
"1164","WF2-BarseqF2","WR1-BarSeqRC8","GGGGAGGGCCGAGGAGACGG",20,61
"1165","WF2-BarseqF2","WR2-BarSeqRC10","GCTAGAGTCATTGGGGGTCG",20,111
"1166","WF2-BarseqF2","WR2-BarSeqRC10","GGGGGGATGGCCACCGAATA",20,61
"1167","WF2-BarseqF2","WR2-BarSeqRC14","CAATCAATACTTCAAGCAAG",20,66
"1168","WF2-BarseqF2","WR2-BarSeqRC14","GACTACTTGGAGCGAAAGTC",20,149
"1169","WF2-BarseqF2","WR2-BarSeqRC6","TAAAGTGAGACGCGCCGCCT",20,123
"1170","WF2-BarseqF2","WR2-BarSeqRC7","GTAGTGCGACAGCTTTAGCC",20,53
"1171","WF2-BarseqF2","WR2-BarSeqRC7","TAGTTGGGCGTTCGTACCCC",20,201
"1172","WF2-BarseqF2","WR6-BarSeqRC1","GACGGAGACAAGGAGCGATG",20,56
"1173","WF2-BarseqF2","WR6-BarSeqRC15","CCAGGAGGGGAATGCAGGGG",20,67
"1174","WF2-BarseqF2","WR6-BarSeqRC16","CGCTGGAAACAGATGGGTGG",20,53
"1175","WF2-BarseqF2","WR6-BarSeqRC3","AGTGGCGGAGGTGTGCGGCG",20,53
"1176","WF2-BarseqF2","WR6-BarSeqRC8","AGCTGAGTGTGCTCACGGCT",20,173
"1177","WF2-BarseqF20","WR2-BarSeqRC3","AGTACAGGACAGGGCCTACT",20,61
"1178","WF2-BarseqF20","WR2-BarSeqRC3","TAATATCTCTGTGACAAGGT",20,81
"1179","WF2-BarseqF20","WR2-BarSeqRC3","TAGTTGGAGCGAATAATTTA",20,119
"1180","WF2-BarseqF20","WR2-BarSeqRC8","ATCTTCGACTCCAGTCGTCA",20,66
"1181","WF2-BarseqF20","WR5-BarSeqRC3","AGGCGTGGGTGTGGTGCACC",20,83
"1182","WF2-BarseqF20","WR5-BarSeqRC4","GGAGTGCGCCATACAATCGA",20,96
"1183","WF2-BarseqF20","WR6-BarSeqRC7","TTCAATTACCGGGCCATAAT",20,51
"1184","WF2-BarseqF21","WR1-BarSeqRC10","TCCATAGATGCTGTGTTCAT",20,62
"1185","WF2-BarseqF21","WR1-BarSeqRC14","AGGGATCTGGGGCAAAGGGC",20,77
"1186","WF2-BarseqF21","WR1-BarSeqRC15","TGGGGTGGAAGGGCTAGGCA",20,68
"1187","WF2-BarseqF21","WR1-BarSeqRC2","GTGAGGAGCCGCACGAGGGG",20,52
"1188","WF2-BarseqF21","WR1-BarSeqRC3","TCCACTATAGTCGACCCATC",20,70
"1189","WF2-BarseqF21","WR1-BarSeqRC6","ACCAGTTCGATTCGGTGAAC",20,57
"1190","WF2-BarseqF21","WR2-BarSeqRC10","GACGGGGGAGAGGCAGAATG",20,365
"1191","WF2-BarseqF21","WR2-BarSeqRC3","AGTTACGGACCGGCTACGCG",20,298
"1192","WF2-BarseqF21","WR2-BarSeqRC3","TTCTAGCCTAGCTACATGTT",20,65
"1193","WF2-BarseqF21","WR2-BarSeqRC4","ATCTCAATAACAGGCCCTGG",20,217
"1194","WF2-BarseqF21","WR2-BarSeqRC4","CAACAGGTATCGGATGCGGA",20,145
"1195","WF2-BarseqF21","WR2-BarSeqRC4","TACAGTAGGACAGGGGCGCT",20,105
"1196","WF2-BarseqF21","WR2-BarSeqRC8","CAGGTGGATTTATTACCAAT",20,370
"1197","WF2-BarseqF21","WR2-BarSeqRC8","GCGTGAGGGGGGGTGGAGAG",20,60
"1198","WF2-BarseqF21","WR2-BarSeqRC8","GTTTTCGTTCCTTGCCCGCG",20,836
"1199","WF2-BarseqF21","WR3-BarSeqRC10","GCGTTCGGGGGGGTCTATAC",20,113
"1200","WF2-BarseqF21","WR3-BarSeqRC12","TGGTTGACTGGCGGGTGACT",20,56
"1201","WF2-BarseqF21","WR3-BarSeqRC16","TGAAGATACCTACCGGTTCG",20,55
"1202","WF2-BarseqF21","WR3-BarSeqRC9","AGCGATTGAGGCACGAGTCA",20,78
"1203","WF2-BarseqF21","WR4-BarSeqRC10","CAACTTATGTTCCTTCACTC",20,59
"1204","WF2-BarseqF21","WR4-BarSeqRC11","AAGCGCGAAGTGTCCGGTTT",20,77
"1205","WF2-BarseqF21","WR4-BarSeqRC15","GGCCAATAGGATTGCCCGCT",20,94
"1206","WF2-BarseqF21","WR4-BarSeqRC3","ATCTCAATGACGAATTCAGT",20,153
"1207","WF2-BarseqF21","WR4-BarSeqRC4","GGGTGGTCGAGCAGTAGCAT",20,51
"1208","WF2-BarseqF21","WR5-BarSeqRC10","AAATCCGAATGTTCCTCCCG",20,124
"1209","WF2-BarseqF21","WR5-BarSeqRC12","GTTTGGGGCAGAGTAGGTAA",20,61
"1210","WF2-BarseqF21","WR5-BarSeqRC12","TATTTCGGACAGGCATACGT",20,66
"1211","WF2-BarseqF21","WR5-BarSeqRC16","AACTTGCTTTGACGCTGCAT",20,112
"1212","WF2-BarseqF21","WR5-BarSeqRC16","GCACCTGATTTATGTGTATG",20,86
"1213","WF2-BarseqF21","WR5-BarSeqRC4","GGGTGGTCGAGCAGTAGCAT",20,66
"1214","WF2-BarseqF21","WR5-BarSeqRC8","TATGCGAGGCTTTGATAAGG",20,127
"1215","WF2-BarseqF21","WR5-BarSeqRC9","CGACCTTCTTCGGACGGTTC",20,93
"1216","WF2-BarseqF21","WR6-BarSeqRC10","ACAATATGCATTTAGGTGGG",20,103
"1217","WF2-BarseqF21","WR6-BarSeqRC11","ATACGTGGAAAAGTTACATC",20,54
"1218","WF2-BarseqF21","WR6-BarSeqRC16","GTCTCATGTGTCTGTATATT",20,61
"1219","WF2-BarseqF21","WR6-BarSeqRC3","ACGGGACTGGCGTTGGTTGC",20,85
"1220","WF2-BarseqF21","WR6-BarSeqRC8","AGTACCGCCTGAGTGCGCAT",20,61
"1221","WF2-BarseqF22","WR1-BarSeqRC13","GGGGAGTGCACAAGCGTGCC",20,51
"1222","WF2-BarseqF22","WR1-BarSeqRC15","TGTGAGCCACGCTGTCGAGG",20,72
"1223","WF2-BarseqF22","WR1-BarSeqRC3","GTTCGTTGCTTGGATAGTGC",20,51
"1224","WF2-BarseqF22","WR1-BarSeqRC8","ATCGTTACGTAGTGTTTAAG",20,186
"1225","WF2-BarseqF22","WR2-BarSeqRC14","GCTGGTGCTGTGTCCGCGCA",20,64
"1226","WF2-BarseqF22","WR2-BarSeqRC2","CGTCAGGTACTGGTCTAGCG",20,60
"1227","WF2-BarseqF22","WR2-BarSeqRC2","GGAGCGCACCGTGGGCGTGT",20,324
"1228","WF2-BarseqF22","WR2-BarSeqRC8","CGCCAAGTGGTTCACTTCAC",20,613
"1229","WF2-BarseqF22","WR3-BarSeqRC11","GTTGAGGGCGGTGAGGGGTG",20,50
"1230","WF2-BarseqF22","WR3-BarSeqRC12","AGCTTGGCTATTGGGGTGTT",20,60
"1231","WF2-BarseqF22","WR4-BarSeqRC10","AGGCGTTTTAAACAATATAA",20,90
"1232","WF2-BarseqF22","WR4-BarSeqRC11","TATGGTGGAACTTTGTGGTG",20,142
"1233","WF2-BarseqF22","WR4-BarSeqRC16","GTCGTTGACGGTGGGGGCTG",20,89
"1234","WF2-BarseqF22","WR5-BarSeqRC10","AGGCGTTTTAAACAATATAA",20,186
"1235","WF2-BarseqF22","WR5-BarSeqRC11","CCCCCCAAATGAGGAGAAAT",20,65
"1236","WF2-BarseqF22","WR5-BarSeqRC11","TCACTGTGTGGAGTCGCGGT",20,102
"1237","WF2-BarseqF22","WR5-BarSeqRC16","GTCGTTGACGGTGGGGGCTG",20,152
"1238","WF2-BarseqF22","WR5-BarSeqRC8","ATTTGAGTGAAGGATGTAGG",20,80
"1239","WF2-BarseqF22","WR5-BarSeqRC8","GAATATATTCCATAATAAGT",20,54
"1240","WF2-BarseqF22","WR5-BarSeqRC8","TGTGGAATAGAATTAGCCGA",20,52
"1241","WF2-BarseqF22","WR6-BarSeqRC11","TCCAGTTGCCGTGAGCCTAG",20,121
"1242","WF2-BarseqF22","WR6-BarSeqRC3","GCACTGTCTTGAAGGTGGCG",20,56
"1243","WF2-BarseqF22","WR6-BarSeqRC8","ACACTCCGGCGAGAACGATA",20,87
"1244","WF2-BarseqF23","WR1-BarSeqRC10","GAGATAATCGGTATGAAGGG",20,79
"1245","WF2-BarseqF23","WR1-BarSeqRC11","ACTGTTTGGAGGGTGTTGAG",20,112
"1246","WF2-BarseqF23","WR2-BarSeqRC6","CACCTCAGAACGTATCGTAA",20,51
"1247","WF2-BarseqF23","WR2-BarSeqRC6","CAGTTGAGGGCTGGCTAGCC",20,88
"1248","WF2-BarseqF23","WR4-BarSeqRC10","CGGTTTCAATGTGTCCATAG",20,125
"1249","WF2-BarseqF23","WR4-BarSeqRC3","TTTATATGGAGCGGAAGGGA",20,54
"1250","WF2-BarseqF23","WR4-BarSeqRC8","TATCTTGCGGTGGTGCAATG",20,182
"1251","WF2-BarseqF23","WR5-BarSeqRC12","TTAGAGCAGTTAATAGGAGA",20,61
"1252","WF2-BarseqF23","WR5-BarSeqRC15","AACCTATATAGGTCGCGGAT",20,60
"1253","WF2-BarseqF23","WR5-BarSeqRC16","TACTCTGCCGTAGCGGGGTC",20,88
"1254","WF2-BarseqF23","WR6-BarSeqRC11","GTCGAAAAGAGTGGTTAACG",20,92
"1255","WF2-BarseqF23","WR6-BarSeqRC16","GGTTTTGCAGAGCCCGAATT",20,64
"1256","WF2-BarseqF24","WR3-BarSeqRC9","CAAGATGTGTCTAGTGTGCG",20,74
"1257","WF2-BarseqF24","WR4-BarSeqRC11","ATGAGGGATGGCCCCGAGTG",20,94
"1258","WF2-BarseqF24","WR4-BarSeqRC15","AAATCGTAAGCGGGGGTCGC",20,69
"1259","WF2-BarseqF24","WR4-BarSeqRC2","GCGGAGTTAGGAAGTATTCA",20,157
"1260","WF2-BarseqF24","WR4-BarSeqRC8","AGGTAAATGGTACGTGACGT",20,147
"1261","WF2-BarseqF24","WR4-BarSeqRC8","GTTTGAGACAGATGATGCAT",20,57
"1262","WF2-BarseqF24","WR6-BarSeqRC10","CCGGGCTAGGGCTTAGACCC",20,54
"1263","WF2-BarseqF24","WR6-BarSeqRC11","CGGGGCAGGGGCGTGTAGGT",20,68
"1264","WF2-BarseqF24","WR6-BarSeqRC14","GGAAAAGGGTGGTACGGTAG",20,139
"1265","WF2-BarseqF24","WR6-BarSeqRC15","CGGGAAGGGAATGCGCGGGT",20,57
"1266","WF2-BarseqF24","WR6-BarSeqRC15","GACTGGGAAAGATCACGCGT",20,54
"1267","WF2-BarseqF24","WR6-BarSeqRC2","GACGGAGACAAGGAGCGATG",20,166
"1268","WF2-BarseqF24","WR6-BarSeqRC3","GATAGGTGAGGCCCCCTGAC",20,54
"1269","WF2-BarseqF24","WR6-BarSeqRC8","CCGATGAACCCGCGGAGTGG",20,64
"1270","WF2-BarseqF24","WR6-BarSeqRC8","GATTTCTGGTTGAATACTAA",20,58
"1271","WF2-BarseqF3","WR1-BarSeqRC16","AAACCGTAGATTCTCGAGTC",20,100
"1272","WF2-BarseqF3","WR1-BarSeqRC6","GGACCCTACGCTAAGTTTGG",20,102
"1273","WF2-BarseqF3","WR1-BarSeqRC8","GGCTGGACGATGGTAAGGGG",20,125
"1274","WF2-BarseqF3","WR2-BarSeqRC10","AATCGTGATAACGAAATGTT",20,137
"1275","WF2-BarseqF3","WR2-BarSeqRC11","AAGGTGTGGAGGATGTGAGG",20,79
"1276","WF2-BarseqF3","WR2-BarSeqRC11","GTGTGGGGGGCGCAACGGTA",20,56
"1277","WF2-BarseqF3","WR2-BarSeqRC9","GAGGAAGTAATTGGCACGGT",20,96
"1278","WF2-BarseqF3","WR3-BarSeqRC17","AGCTCGTGTGGACGGTAGTC",20,57
"1279","WF2-BarseqF3","WR3-BarSeqRC9","TATGGAAGGCTGCGTGTTAG",20,114
"1280","WF2-BarseqF3","WR4-BarSeqRC11","GATAGTAGAGGGATTGGCAA",20,53
"1281","WF2-BarseqF3","WR4-BarSeqRC15","CGTCAGGTACTGGTCTAGCG",20,59
"1282","WF2-BarseqF3","WR5-BarSeqRC1","GCGGGTTATGGTCTCATGTT",20,55
"1283","WF2-BarseqF3","WR5-BarSeqRC16","TGGTCAGAGAGACCGATCCG",20,62
"1284","WF2-BarseqF3","WR5-BarSeqRC6","GTCGAAGGGTCAAATAGTAG",20,194
"1285","WF2-BarseqF3","WR5-BarSeqRC8","CGCTTTGGATTCTGGTGAAC",20,77
"1286","WF2-BarseqF3","WR6-BarSeqRC12","GACTACTATTTTCAAACTCT",20,61
"1287","WF2-BarseqF3","WR6-BarSeqRC16","GTTCTGAGGCGGATTTAGTA",20,50
"1288","WF2-BarseqF3","WR6-BarSeqRC6","CGTCTATCGAATAACCCGAC",20,86
"1289","WF2-BarseqF3","WR6-BarSeqRC8","CGGTATAGACGAGTGCCAGT",20,53
"1290","WF2-BarseqF4","WR1-BarSeqRC1","GCACCTGATTTATGTGTATG",20,84
"1291","WF2-BarseqF4","WR1-BarSeqRC11","GGCAATACGCAGGCGAATGC",20,79
"1292","WF2-BarseqF4","WR1-BarSeqRC14","ACCCTGGGTGTGCACTTCCT",20,63
"1293","WF2-BarseqF4","WR1-BarSeqRC15","GGGGGGTTCTAGGCTGTCCC",20,118
"1294","WF2-BarseqF4","WR1-BarSeqRC3","CTGTCGATCATATCTAGCAA",20,63
"1295","WF2-BarseqF4","WR1-BarSeqRC4","TGTACCTAGTACATGCGAGA",20,84
"1296","WF2-BarseqF4","WR1-BarSeqRC6","ATCTAGCGTACCGTCTCTAG",20,124
"1297","WF2-BarseqF4","WR1-BarSeqRC6","CGTACGCTCGCGAAGGGTAG",20,80
"1298","WF2-BarseqF4","WR1-BarSeqRC7","AGGGACATCGTCCGTAAGGG",20,78
"1299","WF2-BarseqF4","WR1-BarSeqRC8","TCCTACGGTTTGACGTGGGT",20,128
"1300","WF2-BarseqF4","WR2-BarSeqRC11","TAATGCCAGTATGGTTGTGT",20,546
"1301","WF2-BarseqF4","WR2-BarSeqRC4","ATCCCTATAACGACGGTTGT",20,290
"1302","WF2-BarseqF4","WR3-BarSeqRC11","GAGACGGGGAAGGAGGCAAT",20,114
"1303","WF2-BarseqF4","WR3-BarSeqRC5","TATATTAAATACATGTCAGT",20,50
"1304","WF2-BarseqF4","WR3-BarSeqRC7","GTAACGCGTAGTCTGAGTTA",20,92
"1305","WF2-BarseqF4","WR3-BarSeqRC9","GCTTGAGCTATTTGGTGGAG",20,85
"1306","WF2-BarseqF4","WR4-BarSeqRC15","AGCGTTCTGCTACACCTGCT",20,79
"1307","WF2-BarseqF4","WR4-BarSeqRC16","ACAGGAGAGAGGGAGGAGGT",20,138
"1308","WF2-BarseqF4","WR4-BarSeqRC8","TACTGTTTACCGTGGAGGTG",20,240
"1309","WF2-BarseqF4","WR5-BarSeqRC1","ATAGATTGTTAGGATCGCGC",20,72
"1310","WF2-BarseqF4","WR5-BarSeqRC1","GTAAACATTGGCACTTGTTG",20,51
"1311","WF2-BarseqF4","WR5-BarSeqRC10","TGATGGGCAGTTGTAGGGGT",20,168
"1312","WF2-BarseqF4","WR5-BarSeqRC11","ACCAGTTCGATTCGGTGAAC",20,80
"1313","WF2-BarseqF4","WR5-BarSeqRC11","GAACGCGAGTATATGCCGTG",20,182
"1314","WF2-BarseqF4","WR5-BarSeqRC15","AGCGTTCTGCTACACCTGCT",20,94
"1315","WF2-BarseqF4","WR5-BarSeqRC16","GCAGAATTAGGGGCCATTAG",20,182
"1316","WF2-BarseqF4","WR5-BarSeqRC2","TCACTATAGAGTATTATACG",20,74
"1317","WF2-BarseqF4","WR5-BarSeqRC4","GGCTACAAACGTGTAGGCTA",20,119
"1318","WF2-BarseqF4","WR5-BarSeqRC6","GAACTACTATTGGTTGCAGA",20,388
"1319","WF2-BarseqF4","WR5-BarSeqRC8","GTTAAAAAGGTCGTCCAGTG",20,327
"1320","WF2-BarseqF4","WR6-BarSeqRC1","TTTGAGGTAACCTGCTGCCT",20,151
"1321","WF2-BarseqF4","WR6-BarSeqRC11","TCTGCCTCCGTACTGCAAAG",20,68
"1322","WF2-BarseqF4","WR6-BarSeqRC16","TAGATGGGATGCGGTATGAG",20,100
"1323","WF2-BarseqF4","WR6-BarSeqRC6","ATCTAGCGTACCGTCTCTAG",20,145
"1324","WF2-BarseqF4","WR6-BarSeqRC8","TTGCCGGAGAGCGCGGGACG",20,163
"1325","WF2-BarseqF5","WR1-BarSeqRC14","GGGTTGACATTATAATTATA",20,95
"1326","WF2-BarseqF5","WR1-BarSeqRC15","TGAAATGTGAGTGCGCGACA",20,61
"1327","WF2-BarseqF5","WR2-BarSeqRC8","ATGGAGGGGCAGTATAACTG",20,256
"1328","WF2-BarseqF5","WR3-BarSeqRC1","CAGCTAAGGTTGCAGTTGCA",20,67
"1329","WF2-BarseqF5","WR3-BarSeqRC11","AGTCGGGTGGGGCAGAGAGG",20,57
"1330","WF2-BarseqF5","WR4-BarSeqRC14","TAGTTGGAGCGAATAATTTA",20,53
"1331","WF2-BarseqF5","WR4-BarSeqRC15","AGTACAGGACAGGGCCTACT",20,77
"1332","WF2-BarseqF5","WR4-BarSeqRC16","TATTGGGAATGAGTGGGCCT",20,52
"1333","WF2-BarseqF5","WR4-BarSeqRC8","GAGACATATCGGACTGACAA",20,186
"1334","WF2-BarseqF5","WR5-BarSeqRC11","GGCGTAGCTCACGGAGCGAT",20,66
"1335","WF2-BarseqF5","WR5-BarSeqRC11","GTGGACAGTATTGGTGCCTG",20,103
"1336","WF2-BarseqF5","WR5-BarSeqRC12","ATAGGCTGGGGGCGCAGGGG",20,63
"1337","WF2-BarseqF5","WR5-BarSeqRC15","AGTACAGGACAGGGCCTACT",20,73
"1338","WF2-BarseqF5","WR6-BarSeqRC10","GTCGAAAAGAGTGGTTAACG",20,70
"1339","WF2-BarseqF5","WR6-BarSeqRC8","ATTCACTTATGTTGTGGGGT",20,96
"1340","WF2-BarseqF6","WR1-BarSeqRC15","CAGGAGGTTGAGCGTCGAAT",20,107
"1341","WF2-BarseqF6","WR1-BarSeqRC3","CACGACTCCGGTCGGTCGCA",20,64
"1342","WF2-BarseqF6","WR1-BarSeqRC8","CAGGGTACCTGAAGCACTGG",20,94
"1343","WF2-BarseqF6","WR2-BarSeqRC11","CATCGCTAGCGGGTCATCTG",20,335
"1344","WF2-BarseqF6","WR2-BarSeqRC11","GCCGGTTAACTCCATTTGGC",20,53
"1345","WF2-BarseqF6","WR2-BarSeqRC11","TGTGTGGCCGGAAACATAAG",20,252
"1346","WF2-BarseqF6","WR2-BarSeqRC13","CCGCGCGGGTAGCACTCGTC",20,185
"1347","WF2-BarseqF6","WR2-BarSeqRC14","GACCTGTGTTGGTGGGTGAA",20,74
"1348","WF2-BarseqF6","WR2-BarSeqRC14","GCACCCTCGTGGTGCAGGCC",20,67
"1349","WF2-BarseqF6","WR2-BarSeqRC14","TGCGGAATGGGTTACTAGGA",20,72
"1350","WF2-BarseqF6","WR3-BarSeqRC12","GTCCAGGTAGTGCAAACAGG",20,56
"1351","WF2-BarseqF6","WR3-BarSeqRC9","GTTGAGAAGTCACAGTATGG",20,108
"1352","WF2-BarseqF6","WR4-BarSeqRC11","GGGAGTGGGGGGGGGCGGAG",20,63
"1353","WF2-BarseqF6","WR5-BarSeqRC10","GGGGAACCATTGGTACCGTT",20,52
"1354","WF2-BarseqF6","WR5-BarSeqRC11","AGGTTTTCAAATTGGACGAT",20,58
"1355","WF2-BarseqF6","WR5-BarSeqRC11","CGAGAAGGAGGCTTTGGGTT",20,66
"1356","WF2-BarseqF6","WR5-BarSeqRC12","ATTCGGGCAGTGGAGAATGC",20,114
"1357","WF2-BarseqF6","WR5-BarSeqRC13","ATCTTGGAACGTGAATCACT",20,50
"1358","WF2-BarseqF6","WR5-BarSeqRC2","TGTAAGGTCAGCATTACTCC",20,182
"1359","WF2-BarseqF6","WR5-BarSeqRC3","AGGGCATCGGTGAAGGCAGG",20,85
"1360","WF2-BarseqF6","WR5-BarSeqRC4","TCTTGTACGGGATTGAGCCG",20,100
"1361","WF2-BarseqF6","WR6-BarSeqRC10","GTCGAGGGGACAGGGCGCTA",20,95
"1362","WF2-BarseqF6","WR6-BarSeqRC11","TGCGACGCGGATGTAGTTCA",20,184
"1363","WF2-BarseqF6","WR6-BarSeqRC4","GGTAAACCACCTAGGGCGTA",20,74
"1364","WF2-BarseqF6","WR6-BarSeqRC8","GCGTTTTCCCGTGCGGGCAA",20,55
"1365","WF2-BarseqF7","WR1-BarSeqRC11","GAGCTTTAGTCCTTTTGGCT",20,111
"1366","WF2-BarseqF7","WR1-BarSeqRC2","CACGGAAGGCATTACTAAAC",20,95
"1367","WF2-BarseqF7","WR1-BarSeqRC8","GTTCAATTCAGAATGGGCAA",20,65
"1368","WF2-BarseqF7","WR2-BarSeqRC14","GGTGGAAGGCACTAGGGCTA",20,199
"1369","WF2-BarseqF7","WR2-BarSeqRC15","GGGGGGGCGGCAAGTAGTGG",20,70
"1370","WF2-BarseqF7","WR2-BarSeqRC3","GAGCGTAGTATGGCCCTCCC",20,298
"1371","WF2-BarseqF7","WR2-BarSeqRC3","TTTCATAAGTGTTTGGGCCT",20,470
"1372","WF2-BarseqF7","WR2-BarSeqRC6","CTACAGGTGGCCAGTTTTTG",20,68
"1373","WF2-BarseqF7","WR2-BarSeqRC7","GTAGTGCGACAGCTTTAGCC",20,69
"1374","WF2-BarseqF7","WR2-BarSeqRC8","GAACGGGGAGGGGAGGCGCC",20,315
"1375","WF2-BarseqF7","WR2-BarSeqRC8","GTTCAATTCAGAATGGGCAA",20,66
"1376","WF2-BarseqF7","WR3-BarSeqRC9","AAGCCAGGACTACCAGTAAA",20,128
"1377","WF2-BarseqF7","WR4-BarSeqRC11","CAATAATCATAGATAGTAGG",20,207
"1378","WF2-BarseqF7","WR4-BarSeqRC13","TGGAGACGTGTGCGGGGGTG",20,122
"1379","WF2-BarseqF7","WR4-BarSeqRC14","AGCGAAGAGTTACCAGAGTC",20,59
"1380","WF2-BarseqF7","WR4-BarSeqRC3","ACGCGGTCGCAGGAGAGGAA",20,96
"1381","WF2-BarseqF7","WR4-BarSeqRC3","GGGTGGAAGTGGTTGCACCT",20,54
"1382","WF2-BarseqF7","WR4-BarSeqRC6","CTGCGGGCAGGGGGAGGAGG",20,101
"1383","WF2-BarseqF7","WR5-BarSeqRC10","ATGCGTGTTTGTCGTTGGAA",20,74
"1384","WF2-BarseqF7","WR5-BarSeqRC12","TTAGAGCAGTTAATAGGAGA",20,118
"1385","WF2-BarseqF7","WR5-BarSeqRC8","CCGGAGAGGCGCGGCTCACG",20,67
"1386","WF2-BarseqF7","WR5-BarSeqRC8","GTCTATATGGGGGGGCGAGC",20,91
"1387","WF2-BarseqF7","WR6-BarSeqRC12","CAAGTGTTGTGTAAGAGGGG",20,59
"1388","WF2-BarseqF7","WR6-BarSeqRC16","CGGGTGATACAGGCACAACG",20,90
"1389","WF2-BarseqF7","WR6-BarSeqRC2","GGCATACTACGTAAGAACCG",20,76
"1390","WF2-BarseqF7","WR6-BarSeqRC3","TTGGAATTAATGAGTGATGA",20,83
"1391","WF2-BarseqF7","WR6-BarSeqRC8","GTTCAATTCAGAATGGGCAA",20,177
"1392","WF2-BarseqF8","WR1-BarSeqRC11","AGTAGTGATGGTGTCCGGCA",20,85
"1393","WF2-BarseqF8","WR4-BarSeqRC11","AGGTAGTGTGTAAGTCTTGA",20,130
"1394","WF2-BarseqF8","WR4-BarSeqRC12","GGGTTGTTTAGAGGTGTTGG",20,72
"1395","WF2-BarseqF8","WR4-BarSeqRC15","AGTTGAGAAGATCCGGTTAA",20,108
"1396","WF2-BarseqF8","WR4-BarSeqRC16","CTATGTTCAGTTCAGACTCA",20,78
"1397","WF2-BarseqF8","WR4-BarSeqRC3","CTGCAGTCAGAACCAGTGGG",20,75
"1398","WF2-BarseqF8","WR4-BarSeqRC6","CGTTCGCTGGGAGCGCCAGG",20,50
"1399","WF2-BarseqF8","WR5-BarSeqRC11","CTTTTATCTGTTAGTGAGTT",20,50
"1400","WF2-BarseqF8","WR5-BarSeqRC11","TGTTACGGTGATAGCAAGTC",20,51
"1401","WF2-BarseqF8","WR5-BarSeqRC16","CTATGTTCAGTTCAGACTCA",20,271
"1402","WF2-BarseqF8","WR5-BarSeqRC2","AGGGGCGGAGGTCGTGGAAT",20,87
"1403","WF2-BarseqF8","WR6-BarSeqRC3","ATTGTGAGGCAGGTGGTCCG",20,69
"1404","WF2-BarseqF9","WR1-BarSeqRC16","ACGGGCTTGGTTAAGTGAAG",20,106
